problem_idx,generation_accuracy,selection_accuracy,selection_precision,selection_recall,selection_f1,selection_tp,selection_tn,selection_fp,selection_fn,feature_thresholds,insufficient_data
0,0.828,1,1.0,1.0,1.0,1,0,0,0,"{'internlm_scores': np.float64(0.6528140306472778), 'gpm_scores': np.float64(0.6046687960624695), 'offset_bias_scores': np.float64(0.7911676466464996), 'qrm_scores': np.float64(0.6938392966985703), 'urm_scores': np.float64(0.5552390217781067), 'judge_llama-3.3-70b-instruct-turbo_verdicts': np.float64(0.5), 'grm_llama32_scores': np.float64(0.7168194204568863), 'judge_gpt-4o_verdicts': np.float64(0.5), 'judge_claude-3-5-sonnet-latest_verdicts': np.float64(0.5), 'judge_qwen2-72b-instruct_verdicts': np.float64(0.5), 'skyworks_scores': np.float64(0.7588696479797363), 'judge_qwen2.5-72b-instruct-turbo_verdicts': np.float64(0.5), 'judge_nous-hermes-2-mixtral-8x7b-dpo_verdicts': np.float64(0.5), 'grm_scores': np.float64(0.6874687671661377), 'grm_gemma_scores': np.float64(0.6625510156154633), 'judge_gemma-2-27b-it_verdicts': np.float64(0.5), 'judge_meta-llama-3.1-405b-instruct-turbo_verdicts': np.float64(0.5)}",False
1,0.944,1,1.0,1.0,1.0,1,0,0,0,"{'internlm_scores': np.float64(0.48625412583351135), 'grm_scores': np.float64(0.7318230271339417), 'qrm_scores': np.float64(0.7419665157794952), 'offset_bias_scores': np.float64(0.6984206587076187), 'grm_llama32_scores': np.float64(0.7341974079608917), 'urm_scores': np.float64(0.6421816647052765), 'gpm_scores': np.float64(0.6070564091205597), 'skyworks_scores': np.float64(0.7546816468238831), 'grm_gemma_scores': np.float64(0.6593273282051086), 'judge_qwen2-72b-instruct_verdicts': np.float64(0.5), 'judge_llama-3.3-70b-instruct-turbo_verdicts': np.float64(0.5), 'judge_gemma-2-27b-it_verdicts': np.float64(0.5), 'judge_meta-llama-3.1-405b-instruct-turbo_verdicts': np.float64(0.5), 'judge_qwen2.5-72b-instruct-turbo_verdicts': np.float64(0.5), 'judge_gpt-4o_verdicts': np.float64(0.5), 'judge_claude-3-5-sonnet-latest_verdicts': np.float64(0.5)}",False
2,0.972,1,1.0,1.0,1.0,1,0,0,0,"{'internlm_scores': np.float64(0.5294884145259857), 'grm_scores': np.float64(0.6111705005168915), 'offset_bias_scores': np.float64(0.8130423724651337), 'qrm_scores': np.float64(0.8648397326469421), 'grm_gemma_scores': np.float64(0.790105402469635), 'judge_qwen2-72b-instruct_verdicts': np.float64(0.5), 'gpm_scores': np.float64(0.6519190669059753), 'grm_llama32_scores': np.float64(0.7487949281930923), 'judge_llama-3.3-70b-instruct-turbo_verdicts': np.float64(0.5), 'urm_scores': np.float64(0.8614315241575241), 'skyworks_scores': np.float64(0.6707957983016968), 'judge_qwen2.5-72b-instruct-turbo_verdicts': np.float64(0.5), 'judge_gemma-2-27b-it_verdicts': np.float64(0.5), 'judge_meta-llama-3.1-405b-instruct-turbo_verdicts': np.float64(0.5), 'judge_claude-3-5-sonnet-latest_verdicts': np.float64(0.5), 'judge_gpt-4o_verdicts': np.float64(0.5), 'judge_nous-hermes-2-mixtral-8x7b-dpo_verdicts': np.float64(0.5)}",False
3,1.0,1,1.0,1.0,1.0,1,0,0,0,"{'internlm_scores': np.float64(0.45321235060691833), 'grm_scores': np.float64(0.32909271866083145), 'judge_gpt-4o_verdicts': np.float64(0.5), 'qrm_scores': np.float64(0.5634436756372452), 'offset_bias_scores': np.float64(0.5592830777168274), 'grm_llama32_scores': np.float64(0.4814210459589958), 'skyworks_scores': np.float64(0.49462366104125977), 'grm_gemma_scores': np.float64(0.6333841979503632), 'urm_scores': np.float64(0.44748061895370483), 'gpm_scores': np.float64(0.4106922149658203), 'judge_gemma-2-27b-it_verdicts': np.float64(0.5), 'judge_qwen2-72b-instruct_verdicts': np.float64(0.5), 'judge_meta-llama-3.1-405b-instruct-turbo_verdicts': np.float64(0.5)}",False
4,0.928,1,1.0,1.0,1.0,1,0,0,0,"{'qrm_scores': np.float64(0.750555545091629), 'internlm_scores': np.float64(0.5459129959344864), 'offset_bias_scores': np.float64(0.7603577077388763), 'urm_scores': np.float64(0.7053343653678894), 'judge_gpt-4o_verdicts': np.float64(0.5), 'gpm_scores': np.float64(0.46576227247714996), 'skyworks_scores': np.float64(0.7173387110233307), 'judge_meta-llama-3.1-405b-instruct-turbo_verdicts': np.float64(0.5), 'grm_scores': np.float64(0.6188909709453583), 'grm_gemma_scores': np.float64(0.7877135574817657), 'judge_gemma-2-27b-it_verdicts': np.float64(0.5), 'grm_llama32_scores': np.float64(0.6820130348205566), 'judge_claude-3-5-sonnet-latest_verdicts': np.float64(0.5), 'judge_qwen2-72b-instruct_verdicts': np.float64(0.5), 'judge_qwen2.5-72b-instruct-turbo_verdicts': np.float64(0.5), 'judge_llama-3.3-70b-instruct-turbo_verdicts': np.float64(0.5), 'judge_nous-hermes-2-mixtral-8x7b-dpo_verdicts': np.float64(0.5)}",False
5,0.872,1,1.0,1.0,1.0,1,0,0,0,"{'internlm_scores': np.float64(0.6840362250804901), 'grm_scores': np.float64(0.6959607005119324), 'judge_qwen2-72b-instruct_verdicts': np.float64(0.5), 'grm_gemma_scores': np.float64(0.727523535490036), 'skyworks_scores': np.float64(0.7894088625907898), 'judge_gemma-2-27b-it_verdicts': np.float64(0.5), 'grm_llama32_scores': np.float64(0.7036922872066498), 'qrm_scores': np.float64(0.8390454053878784), 'urm_scores': np.float64(0.717588484287262), 'gpm_scores': np.float64(0.5680608451366425), 'judge_qwen2.5-72b-instruct-turbo_verdicts': np.float64(0.5), 'judge_gpt-4o_verdicts': np.float64(0.5), 'offset_bias_scores': np.float64(0.759870171546936), 'judge_meta-llama-3.1-405b-instruct-turbo_verdicts': np.float64(0.5), 'judge_llama-3.3-70b-instruct-turbo_verdicts': np.float64(0.5), 'judge_claude-3-5-sonnet-latest_verdicts': np.float64(0.5), 'judge_nous-hermes-2-mixtral-8x7b-dpo_verdicts': np.float64(0.5)}",False
6,0.884,1,1.0,1.0,1.0,1,0,0,0,"{'internlm_scores': np.float64(0.4537348821759224), 'skyworks_scores': np.float64(0.7657004743814468), 'qrm_scores': np.float64(0.8084745705127716), 'gpm_scores': np.float64(0.5597412586212158), 'grm_llama32_scores': np.float64(0.7887689471244812), 'grm_scores': np.float64(0.7233244180679321), 'judge_gpt-4o_verdicts': np.float64(0.5), 'grm_gemma_scores': np.float64(0.8500521034002304), 'urm_scores': np.float64(0.7374560832977295), 'offset_bias_scores': np.float64(0.8392596244812012), 'judge_qwen2.5-72b-instruct-turbo_verdicts': np.float64(0.5), 'judge_qwen2-72b-instruct_verdicts': np.float64(0.5), 'judge_meta-llama-3.1-405b-instruct-turbo_verdicts': np.float64(0.5), 'judge_claude-3-5-sonnet-latest_verdicts': np.float64(0.5), 'judge_llama-3.3-70b-instruct-turbo_verdicts': np.float64(0.5), 'judge_nous-hermes-2-mixtral-8x7b-dpo_verdicts': np.float64(0.5), 'judge_gemma-2-27b-it_verdicts': np.float64(0.5)}",False
7,0.9,1,1.0,1.0,1.0,1,0,0,0,"{'internlm_scores': np.float64(0.6735844016075134), 'grm_scores': np.float64(0.6742751151323318), 'judge_qwen2-72b-instruct_verdicts': np.float64(0.5), 'skyworks_scores': np.float64(0.7760988920927048), 'grm_llama32_scores': np.float64(0.7464500069618225), 'gpm_scores': np.float64(0.5608772337436676), 'urm_scores': np.float64(0.7560950517654419), 'offset_bias_scores': np.float64(0.8077088296413422), 'grm_gemma_scores': np.float64(0.7065150886774063), 'judge_claude-3-5-sonnet-latest_verdicts': np.float64(0.5), 'judge_gpt-4o_verdicts': np.float64(0.5), 'judge_meta-llama-3.1-405b-instruct-turbo_verdicts': np.float64(0.5), 'qrm_scores': np.float64(0.8394256383180618), 'judge_gemma-2-27b-it_verdicts': np.float64(0.5), 'judge_llama-3.3-70b-instruct-turbo_verdicts': np.float64(0.5), 'judge_nous-hermes-2-mixtral-8x7b-dpo_verdicts': np.float64(0.5), 'judge_qwen2.5-72b-instruct-turbo_verdicts': np.float64(0.5)}",False
8,1.0,1,1.0,1.0,1.0,1,0,0,0,"{'internlm_scores': np.float64(0.9372469782829285), 'offset_bias_scores': np.float64(0.7267633080482483), 'grm_gemma_scores': np.float64(0.6825340390205383), 'grm_scores': np.float64(0.6274827122688293), 'qrm_scores': np.float64(0.7473251223564148), 'urm_scores': np.float64(0.8370015919208527), 'skyworks_scores': np.float64(0.6240846216678619), 'grm_llama32_scores': np.float64(0.6132921278476715), 'gpm_scores': np.float64(0.37896551191806793), 'judge_llama-3.1-nemotron-70b-instruct-hf_verdicts': np.float64(0.5)}",False
9,0.744,1,1.0,1.0,1.0,1,0,0,0,"{'qrm_scores': np.float64(0.727417528629303), 'grm_scores': np.float64(0.6354201436042786), 'offset_bias_scores': np.float64(0.8018032312393188), 'internlm_scores': np.float64(0.481013186275959), 'urm_scores': np.float64(0.641106128692627), 'judge_llama-3.3-70b-instruct-turbo_verdicts': np.float64(0.5), 'skyworks_scores': np.float64(0.7318548560142517), 'grm_llama32_scores': np.float64(0.6953480839729309), 'judge_gpt-4o_verdicts': np.float64(0.5), 'gpm_scores': np.float64(0.5707612633705139), 'grm_gemma_scores': np.float64(0.7283424884080887), 'judge_gemma-2-27b-it_verdicts': np.float64(0.5), 'judge_claude-3-5-sonnet-latest_verdicts': np.float64(0.5), 'judge_qwen2.5-72b-instruct-turbo_verdicts': np.float64(0.5), 'judge_qwen2-72b-instruct_verdicts': np.float64(0.5), 'judge_meta-llama-3.1-405b-instruct-turbo_verdicts': np.float64(0.5), 'judge_nous-hermes-2-mixtral-8x7b-dpo_verdicts': np.float64(0.5)}",False
10,0.988,1,1.0,1.0,1.0,1,0,0,0,"{'internlm_scores': np.float64(0.47213688492774963), 'judge_llama-3.3-70b-instruct-turbo_verdicts': np.float64(0.5), 'judge_qwen2.5-72b-instruct-turbo_verdicts': np.float64(0.5), 'judge_claude-3-5-sonnet-latest_verdicts': np.float64(0.5), 'grm_scores': np.float64(0.4051424264907837), 'grm_llama32_scores': np.float64(0.4606110155582428), 'gpm_scores': np.float64(0.4893413186073303), 'qrm_scores': np.float64(0.5795354843139648), 'offset_bias_scores': np.float64(0.3793501555919647), 'judge_gemma-2-27b-it_verdicts': np.float64(0.5), 'grm_gemma_scores': np.float64(0.2741766571998596), 'urm_scores': np.float64(0.5183485150337219), 'skyworks_scores': np.float64(0.3465297222137451), 'judge_nous-hermes-2-mixtral-8x7b-dpo_verdicts': np.float64(0.5), 'judge_meta-llama-3.1-405b-instruct-turbo_verdicts': np.float64(0.5), 'judge_gpt-4o_verdicts': np.float64(0.5)}",False
11,0.984,0,0.0,0.0,0.0,0,0,1,1,"{'grm_llama32_scores': np.float64(0.7375579178333282), 'grm_scores': np.float64(0.7246203422546387), 'qrm_scores': np.float64(0.8128396570682526), 'grm_gemma_scores': np.float64(0.8345929086208344), 'judge_qwen2-72b-instruct_verdicts': np.float64(0.5), 'gpm_scores': np.float64(0.6150287985801697), 'offset_bias_scores': np.float64(0.8118605315685272), 'judge_qwen2.5-72b-instruct-turbo_verdicts': np.float64(0.5), 'judge_llama-3.3-70b-instruct-turbo_verdicts': np.float64(0.5), 'internlm_scores': np.float64(0.6787723302841187), 'urm_scores': np.float64(0.6652513444423676), 'judge_gemma-2-27b-it_verdicts': np.float64(0.5), 'skyworks_scores': np.float64(0.7252747118473053), 'judge_gpt-4o_verdicts': np.float64(0.5), 'judge_meta-llama-3.1-405b-instruct-turbo_verdicts': np.float64(0.5), 'judge_claude-3-5-sonnet-latest_verdicts': np.float64(0.5), 'judge_nous-hermes-2-mixtral-8x7b-dpo_verdicts': np.float64(0.5)}",False
12,1.0,1,1.0,1.0,1.0,1,0,0,0,"{'internlm_scores': np.float64(0.49925924837589264), 'grm_scores': np.float64(0.35978052020072937), 'offset_bias_scores': np.float64(0.3443235903978348), 'grm_gemma_scores': np.float64(0.5202710628509521), 'grm_llama32_scores': np.float64(0.6076948046684265), 'qrm_scores': np.float64(0.6852610409259796), 'gpm_scores': np.float64(0.7250357568264008), 'urm_scores': np.float64(0.6565658003091812), 'skyworks_scores': np.float64(0.5895372033119202), 'judge_gemma-2-27b-it_verdicts': np.float64(0.5), 'judge_gpt-4o_verdicts': np.float64(0.5)}",False
13,0.972,1,1.0,1.0,1.0,1,0,0,0,"{'internlm_scores': np.float64(0.5703616142272949), 'gpm_scores': np.float64(0.5224260985851288), 'grm_scores': np.float64(0.6518320143222809), 'grm_gemma_scores': np.float64(0.7017914950847626), 'qrm_scores': np.float64(0.6769637912511826), 'judge_nous-hermes-2-mixtral-8x7b-dpo_verdicts': np.float64(0.5), 'offset_bias_scores': np.float64(0.6944227367639542), 'skyworks_scores': np.float64(0.6677631735801697), 'grm_llama32_scores': np.float64(0.6541997492313385), 'urm_scores': np.float64(0.7475893646478653), 'judge_gpt-4o_verdicts': np.float64(0.5), 'judge_claude-3-5-sonnet-latest_verdicts': np.float64(0.5), 'judge_gemma-2-27b-it_verdicts': np.float64(0.5), 'judge_meta-llama-3.1-405b-instruct-turbo_verdicts': np.float64(0.5), 'judge_qwen2-72b-instruct_verdicts': np.float64(0.5)}",False
14,0.968,1,1.0,1.0,1.0,1,0,0,0,"{'internlm_scores': np.float64(0.6035168170928955), 'grm_scores': np.float64(0.6309950947761536), 'urm_scores': np.float64(0.6709740161895752), 'judge_qwen2.5-72b-instruct-turbo_verdicts': np.float64(0.5), 'skyworks_scores': np.float64(0.773191824555397), 'offset_bias_scores': np.float64(0.6823344081640244), 'grm_llama32_scores': np.float64(0.7511380910873413), 'grm_gemma_scores': np.float64(0.7446633875370026), 'gpm_scores': np.float64(0.5744215548038483), 'qrm_scores': np.float64(0.8259788602590561), 'judge_gemma-2-27b-it_verdicts': np.float64(0.5), 'judge_gpt-4o_verdicts': np.float64(0.5), 'judge_qwen2-72b-instruct_verdicts': np.float64(0.5), 'judge_meta-llama-3.1-405b-instruct-turbo_verdicts': np.float64(0.5), 'judge_claude-3-5-sonnet-latest_verdicts': np.float64(0.5), 'judge_llama-3.3-70b-instruct-turbo_verdicts': np.float64(0.5)}",False
15,0.876,1,1.0,1.0,1.0,1,0,0,0,"{'internlm_scores': np.float64(0.7077964544296265), 'grm_scores': np.float64(0.6045204997062683), 'judge_qwen2-72b-instruct_verdicts': np.float64(0.5), 'grm_gemma_scores': np.float64(0.7721907496452332), 'qrm_scores': np.float64(0.7790284156799316), 'offset_bias_scores': np.float64(0.7856819033622742), 'grm_llama32_scores': np.float64(0.6498972773551941), 'skyworks_scores': np.float64(0.7575250864028931), 'gpm_scores': np.float64(0.5015811175107956), 'urm_scores': np.float64(0.6710221171379089), 'judge_gemma-2-27b-it_verdicts': np.float64(0.5), 'judge_nous-hermes-2-mixtral-8x7b-dpo_verdicts': np.float64(0.5), 'judge_gpt-4o_verdicts': np.float64(0.5), 'judge_qwen2.5-72b-instruct-turbo_verdicts': np.float64(0.5), 'judge_llama-3.3-70b-instruct-turbo_verdicts': np.float64(0.5), 'judge_meta-llama-3.1-405b-instruct-turbo_verdicts': np.float64(0.5), 'judge_claude-3-5-sonnet-latest_verdicts': np.float64(0.5)}",False
16,0.956,0,0.0,0.0,0.0,0,0,1,1,"{'internlm_scores': np.float64(0.7606206834316254), 'grm_scores': np.float64(0.7240528017282486), 'judge_qwen2-72b-instruct_verdicts': np.float64(0.5), 'qrm_scores': np.float64(0.8364038914442062), 'urm_scores': np.float64(0.7870311886072159), 'skyworks_scores': np.float64(0.821856290102005), 'offset_bias_scores': np.float64(0.8855133652687073), 'grm_llama32_scores': np.float64(0.7656502574682236), 'gpm_scores': np.float64(0.6400626003742218), 'judge_llama-3.3-70b-instruct-turbo_verdicts': np.float64(0.5), 'judge_gemma-2-27b-it_verdicts': np.float64(0.5), 'judge_gpt-4o_verdicts': np.float64(0.5), 'judge_qwen2.5-72b-instruct-turbo_verdicts': np.float64(0.5), 'grm_gemma_scores': np.float64(0.8440516591072083), 'judge_meta-llama-3.1-405b-instruct-turbo_verdicts': np.float64(0.5), 'judge_claude-3-5-sonnet-latest_verdicts': np.float64(0.5), 'judge_nous-hermes-2-mixtral-8x7b-dpo_verdicts': np.float64(0.5)}",False
17,0.808,1,1.0,1.0,1.0,1,0,0,0,"{'internlm_scores': np.float64(0.7273805290460587), 'gpm_scores': np.float64(0.6693081855773926), 'judge_qwen2-72b-instruct_verdicts': np.float64(0.5), 'qrm_scores': np.float64(0.8391107469797134), 'offset_bias_scores': np.float64(0.8629933893680573), 'grm_llama32_scores': np.float64(0.8115809857845306), 'urm_scores': np.float64(0.8286585509777069), 'grm_scores': np.float64(0.7268112897872925), 'skyworks_scores': np.float64(0.8573573678731918), 'grm_gemma_scores': np.float64(0.8519064635038376), 'judge_gpt-4o_verdicts': np.float64(0.5), 'judge_qwen2.5-72b-instruct-turbo_verdicts': np.float64(0.5), 'judge_claude-3-5-sonnet-latest_verdicts': np.float64(0.5), 'judge_gemma-2-27b-it_verdicts': np.float64(0.5), 'judge_llama-3.3-70b-instruct-turbo_verdicts': np.float64(0.5), 'judge_meta-llama-3.1-405b-instruct-turbo_verdicts': np.float64(0.5)}",False
18,0.972,1,1.0,1.0,1.0,1,0,0,0,"{'qrm_scores': np.float64(0.824754536151886), 'gpm_scores': np.float64(0.44609005749225616), 'grm_scores': np.float64(0.5393050014972687), 'internlm_scores': np.float64(0.4893193542957306), 'skyworks_scores': np.float64(0.7737430036067963), 'urm_scores': np.float64(0.7675375044345856), 'offset_bias_scores': np.float64(0.596308633685112), 'grm_llama32_scores': np.float64(0.7336814701557159), 'grm_gemma_scores': np.float64(0.73678258061409), 'judge_gpt-4o_verdicts': np.float64(0.5), 'judge_nous-hermes-2-mixtral-8x7b-dpo_verdicts': np.float64(0.5), 'judge_gemma-2-27b-it_verdicts': np.float64(0.5), 'judge_claude-3-5-sonnet-latest_verdicts': np.float64(0.5), 'judge_qwen2-72b-instruct_verdicts': np.float64(0.5)}",False
19,0.868,1,1.0,1.0,1.0,1,0,0,0,"{'internlm_scores': np.float64(0.7052148729562759), 'skyworks_scores': np.float64(0.7651515007019043), 'grm_gemma_scores': np.float64(0.7946653366088867), 'judge_qwen2.5-72b-instruct-turbo_verdicts': np.float64(0.5), 'qrm_scores': np.float64(0.7933922708034515), 'offset_bias_scores': np.float64(0.7882510423660278), 'urm_scores': np.float64(0.7717113196849823), 'gpm_scores': np.float64(0.5806526243686676), 'grm_scores': np.float64(0.7013688534498215), 'judge_llama-3.1-nemotron-70b-instruct-hf_verdicts': np.float64(0.5), 'grm_llama32_scores': np.float64(0.6720288991928101), 'judge_gemma-2-27b-it_verdicts': np.float64(0.5), 'judge_nous-hermes-2-mixtral-8x7b-dpo_verdicts': np.float64(0.5), 'judge_claude-3-5-sonnet-latest_verdicts': np.float64(0.5), 'judge_meta-llama-3.1-405b-instruct-turbo_verdicts': np.float64(0.5), 'judge_gpt-4o_verdicts': np.float64(0.5), 'judge_qwen2-72b-instruct_verdicts': np.float64(0.5), 'judge_llama-3.3-70b-instruct-turbo_verdicts': np.float64(0.5)}",False
20,0.788,1,1.0,1.0,1.0,1,0,0,0,"{'qrm_scores': np.float64(0.6916326582431793), 'grm_scores': np.float64(0.6049140989780426), 'judge_qwen2-72b-instruct_verdicts': np.float64(0.5), 'urm_scores': np.float64(0.5518652200698853), 'judge_qwen2.5-72b-instruct-turbo_verdicts': np.float64(0.5), 'skyworks_scores': np.float64(0.7183500379323959), 'gpm_scores': np.float64(0.6817625463008881), 'judge_nous-hermes-2-mixtral-8x7b-dpo_verdicts': np.float64(0.5), 'grm_gemma_scores': np.float64(0.7042375802993774), 'offset_bias_scores': np.float64(0.7572893053293228), 'grm_llama32_scores': np.float64(0.5659504532814026), 'judge_gpt-4o_verdicts': np.float64(0.5), 'internlm_scores': np.float64(0.628806084394455), 'judge_claude-3-5-sonnet-latest_verdicts': np.float64(0.5), 'judge_gemma-2-27b-it_verdicts': np.float64(0.5), 'judge_llama-3.3-70b-instruct-turbo_verdicts': np.float64(0.5), 'judge_meta-llama-3.1-405b-instruct-turbo_verdicts': np.float64(0.5)}",False
21,0.828,1,1.0,1.0,1.0,1,0,0,0,"{'internlm_scores': np.float64(0.5774682462215424), 'gpm_scores': np.float64(0.6005221903324127), 'grm_scores': np.float64(0.6167328059673309), 'judge_qwen2-72b-instruct_verdicts': np.float64(0.5), 'skyworks_scores': np.float64(0.6847972869873047), 'offset_bias_scores': np.float64(0.7270130068063736), 'grm_llama32_scores': np.float64(0.5923429429531097), 'grm_gemma_scores': np.float64(0.6850094199180603), 'judge_llama-3.3-70b-instruct-turbo_verdicts': np.float64(0.5), 'urm_scores': np.float64(0.6177863478660583), 'qrm_scores': np.float64(0.7266211211681366), 'judge_gemma-2-27b-it_verdicts': np.float64(0.5), 'judge_qwen2.5-72b-instruct-turbo_verdicts': np.float64(0.5), 'judge_gpt-4o_verdicts': np.float64(0.5), 'judge_claude-3-5-sonnet-latest_verdicts': np.float64(0.5), 'judge_nous-hermes-2-mixtral-8x7b-dpo_verdicts': np.float64(0.5), 'judge_meta-llama-3.1-405b-instruct-turbo_verdicts': np.float64(0.5)}",False
22,0.996,1,1.0,1.0,1.0,1,0,0,0,"{'qrm_scores': np.float64(0.6203377544879913), 'offset_bias_scores': np.float64(0.7597641348838806), 'grm_gemma_scores': np.float64(0.24349721893668175), 'internlm_scores': np.float64(0.8508078157901764), 'skyworks_scores': np.float64(0.6598870158195496), 'urm_scores': np.float64(0.6639334112405777), 'gpm_scores': np.float64(0.2566344887018204), 'grm_llama32_scores': np.float64(0.5909787267446518), 'grm_scores': np.float64(0.6507668495178223), 'judge_gemma-2-27b-it_verdicts': np.float64(0.5)}",False
23,0.916,1,1.0,1.0,1.0,1,0,0,0,"{'grm_llama32_scores': np.float64(0.534451961517334), 'judge_claude-3-5-sonnet-latest_verdicts': np.float64(0.5), 'judge_qwen2-72b-instruct_verdicts': np.float64(0.5), 'internlm_scores': np.float64(0.4701905623078346), 'judge_llama-3.3-70b-instruct-turbo_verdicts': np.float64(0.5), 'gpm_scores': np.float64(0.41172730177640915), 'offset_bias_scores': np.float64(0.7304505407810211), 'qrm_scores': np.float64(0.7543627619743347), 'grm_gemma_scores': np.float64(0.6044752597808838), 'urm_scores': np.float64(0.6594037860631943), 'grm_scores': np.float64(0.5844879299402237), 'skyworks_scores': np.float64(0.6924861073493958), 'judge_gemma-2-27b-it_verdicts': np.float64(0.5), 'judge_gpt-4o_verdicts': np.float64(0.5), 'judge_qwen2.5-72b-instruct-turbo_verdicts': np.float64(0.5), 'judge_meta-llama-3.1-405b-instruct-turbo_verdicts': np.float64(0.5)}",False
24,1.0,1,1.0,1.0,1.0,1,0,0,0,"{'internlm_scores': np.float64(0.4570511020720005), 'grm_scores': np.float64(0.4974624365568161), 'urm_scores': np.float64(0.8029879927635193), 'qrm_scores': np.float64(0.7327025234699249), 'judge_gemma-2-27b-it_verdicts': np.float64(0.5), 'skyworks_scores': np.float64(0.7818351984024048), 'judge_qwen2.5-72b-instruct-turbo_verdicts': np.float64(0.5), 'offset_bias_scores': np.float64(0.7532936781644821), 'judge_qwen2-72b-instruct_verdicts': np.float64(0.5), 'gpm_scores': np.float64(0.6405476331710815), 'judge_llama-3.3-70b-instruct-turbo_verdicts': np.float64(0.5), 'grm_llama32_scores': np.float64(0.8293590843677521), 'grm_gemma_scores': np.float64(0.7760103046894073), 'judge_gpt-4o_verdicts': np.float64(0.5), 'judge_nous-hermes-2-mixtral-8x7b-dpo_verdicts': np.float64(0.5), 'judge_claude-3-5-sonnet-latest_verdicts': np.float64(0.5), 'judge_meta-llama-3.1-405b-instruct-turbo_verdicts': np.float64(0.5)}",False
25,0.768,1,1.0,1.0,1.0,1,0,0,0,"{'qrm_scores': np.float64(0.8623628169298172), 'internlm_scores': np.float64(0.7375950813293457), 'offset_bias_scores': np.float64(0.8131585121154785), 'grm_gemma_scores': np.float64(0.7550460696220398), 'gpm_scores': np.float64(0.6935853362083435), 'grm_llama32_scores': np.float64(0.6745575964450836), 'urm_scores': np.float64(0.8613895177841187), 'grm_scores': np.float64(0.5338872671127319), 'judge_qwen2.5-72b-instruct-turbo_verdicts': np.float64(0.5), 'skyworks_scores': np.float64(0.8219866156578064), 'judge_qwen2-72b-instruct_verdicts': np.float64(0.5), 'judge_gpt-4o_verdicts': np.float64(0.5), 'judge_llama-3.1-nemotron-70b-instruct-hf_verdicts': np.float64(0.5), 'judge_meta-llama-3.1-405b-instruct-turbo_verdicts': np.float64(0.5), 'judge_claude-3-5-sonnet-latest_verdicts': np.float64(0.5)}",False
26,0.92,1,1.0,1.0,1.0,1,0,0,0,"{'grm_llama32_scores': np.float64(0.5440832376480103), 'gpm_scores': np.float64(0.5083605945110321), 'offset_bias_scores': np.float64(0.6143529117107391), 'qrm_scores': np.float64(0.7177413105964661), 'urm_scores': np.float64(0.7353906333446503), 'grm_scores': np.float64(0.40067875385284424), 'judge_qwen2-72b-instruct_verdicts': np.float64(0.5), 'grm_gemma_scores': np.float64(0.5092628449201584), 'skyworks_scores': np.float64(0.6964618265628815), 'internlm_scores': np.float64(0.788517415523529), 'judge_gpt-4o_verdicts': np.float64(0.5), 'judge_gemma-2-27b-it_verdicts': np.float64(0.5)}",False
27,0.832,1,1.0,1.0,1.0,1,0,0,0,"{'internlm_scores': np.float64(0.5109590366482735), 'grm_scores': np.float64(0.6402465403079987), 'qrm_scores': np.float64(0.824548602104187), 'offset_bias_scores': np.float64(0.7750900685787201), 'grm_llama32_scores': np.float64(0.7830498218536377), 'urm_scores': np.float64(0.7961953282356262), 'judge_gpt-4o_verdicts': np.float64(0.5), 'skyworks_scores': np.float64(0.8444816172122955), 'gpm_scores': np.float64(0.5514487624168396), 'grm_gemma_scores': np.float64(0.8051287233829498), 'judge_qwen2.5-72b-instruct-turbo_verdicts': np.float64(0.5), 'judge_gemma-2-27b-it_verdicts': np.float64(0.5), 'judge_llama-3.3-70b-instruct-turbo_verdicts': np.float64(0.5)}",False
28,0.8,1,1.0,1.0,1.0,1,0,0,0,"{'grm_llama32_scores': np.float64(0.6346933245658875), 'internlm_scores': np.float64(0.6282597184181213), 'skyworks_scores': np.float64(0.724674716591835), 'urm_scores': np.float64(0.7247957140207291), 'judge_meta-llama-3.1-405b-instruct-turbo_verdicts': np.float64(0.5), 'qrm_scores': np.float64(0.8051540553569794), 'grm_scores': np.float64(0.5559074282646179), 'offset_bias_scores': np.float64(0.7180197983980179), 'gpm_scores': np.float64(0.6238082200288773), 'judge_qwen2.5-72b-instruct-turbo_verdicts': np.float64(0.5), 'grm_gemma_scores': np.float64(0.6308908462524414), 'judge_gemma-2-27b-it_verdicts': np.float64(0.5), 'judge_gpt-4o_verdicts': np.float64(0.5), 'judge_claude-3-5-sonnet-latest_verdicts': np.float64(0.5), 'judge_llama-3.3-70b-instruct-turbo_verdicts': np.float64(0.5), 'judge_qwen2-72b-instruct_verdicts': np.float64(0.5)}",False
29,0.968,1,1.0,1.0,1.0,1,0,0,0,"{'internlm_scores': np.float64(0.6042961180210114), 'skyworks_scores': np.float64(0.6559551954269409), 'grm_gemma_scores': np.float64(0.5562092512845993), 'grm_llama32_scores': np.float64(0.5514348745346069), 'grm_scores': np.float64(0.47722967714071274), 'qrm_scores': np.float64(0.5819467157125473), 'urm_scores': np.float64(0.5982339680194855), 'offset_bias_scores': np.float64(0.6089087724685669), 'judge_gpt-4o_verdicts': np.float64(0.5), 'gpm_scores': np.float64(0.5901089608669281), 'judge_llama-3.1-nemotron-70b-instruct-hf_verdicts': np.float64(0.5), 'judge_llama-3.3-70b-instruct-turbo_verdicts': np.float64(0.5), 'judge_gemma-2-27b-it_verdicts': np.float64(0.5), 'judge_claude-3-5-sonnet-latest_verdicts': np.float64(0.5), 'judge_meta-llama-3.1-405b-instruct-turbo_verdicts': np.float64(0.5), 'judge_qwen2.5-72b-instruct-turbo_verdicts': np.float64(0.5), 'judge_qwen2-72b-instruct_verdicts': np.float64(0.5)}",False
30,0.98,1,1.0,1.0,1.0,1,0,0,0,"{'internlm_scores': np.float64(0.5088484883308411), 'grm_scores': np.float64(0.4992848411202431), 'qrm_scores': np.float64(0.7105126529932022), 'urm_scores': np.float64(0.7149389088153839), 'judge_meta-llama-3.1-405b-instruct-turbo_verdicts': np.float64(0.5), 'grm_gemma_scores': np.float64(0.6397803425788879), 'offset_bias_scores': np.float64(0.774183988571167), 'judge_gpt-4o_verdicts': np.float64(0.5), 'grm_llama32_scores': np.float64(0.5379091501235962), 'skyworks_scores': np.float64(0.7325851321220398), 'gpm_scores': np.float64(0.4825224280357361), 'judge_llama-3.3-70b-instruct-turbo_verdicts': np.float64(0.5), 'judge_qwen2.5-72b-instruct-turbo_verdicts': np.float64(0.5), 'judge_qwen2-72b-instruct_verdicts': np.float64(0.5), 'judge_gemma-2-27b-it_verdicts': np.float64(0.5), 'judge_claude-3-5-sonnet-latest_verdicts': np.float64(0.5)}",False
31,0.816,1,1.0,1.0,1.0,1,0,0,0,"{'internlm_scores': np.float64(0.5961538553237915), 'gpm_scores': np.float64(0.7419576942920685), 'offset_bias_scores': np.float64(0.8140863925218582), 'urm_scores': np.float64(0.7146622538566589), 'judge_qwen2.5-72b-instruct-turbo_verdicts': np.float64(0.5), 'judge_gpt-4o_verdicts': np.float64(0.5), 'qrm_scores': np.float64(0.7580480426549911), 'grm_llama32_scores': np.float64(0.7493150532245636), 'grm_scores': np.float64(0.7249434888362885), 'judge_llama-3.3-70b-instruct-turbo_verdicts': np.float64(0.5), 'judge_gemma-2-27b-it_verdicts': np.float64(0.5), 'skyworks_scores': np.float64(0.7855603396892548), 'judge_claude-3-5-sonnet-latest_verdicts': np.float64(0.5), 'judge_meta-llama-3.1-405b-instruct-turbo_verdicts': np.float64(0.5), 'judge_nous-hermes-2-mixtral-8x7b-dpo_verdicts': np.float64(0.5), 'grm_gemma_scores': np.float64(0.7512258291244507), 'judge_qwen2-72b-instruct_verdicts': np.float64(0.5)}",False
32,1.0,1,1.0,1.0,1.0,1,0,0,0,"{'qrm_scores': np.float64(0.60318523645401), 'urm_scores': np.float64(0.628716915845871), 'offset_bias_scores': np.float64(0.7810447514057159), 'grm_scores': np.float64(0.2650768682360649), 'skyworks_scores': np.float64(0.5890310704708099), 'internlm_scores': np.float64(0.21260102465748787), 'grm_llama32_scores': np.float64(0.5084476098418236), 'gpm_scores': np.float64(0.7618270814418793), 'judge_gpt-4o_verdicts': np.float64(0.5), 'judge_qwen2.5-72b-instruct-turbo_verdicts': np.float64(0.5), 'grm_gemma_scores': np.float64(0.6866024732589722)}",False
33,0.976,1,1.0,1.0,1.0,1,0,0,0,"{'internlm_scores': np.float64(0.44949640333652496), 'gpm_scores': np.float64(0.7024416923522949), 'offset_bias_scores': np.float64(0.8111836314201355), 'qrm_scores': np.float64(0.6201810240745544), 'grm_gemma_scores': np.float64(0.8029588162899017), 'judge_qwen2.5-72b-instruct-turbo_verdicts': np.float64(0.5), 'grm_llama32_scores': np.float64(0.7317753881216049), 'urm_scores': np.float64(0.4794873967766762), 'skyworks_scores': np.float64(0.7130576968193054), 'grm_scores': np.float64(0.6101590394973755), 'judge_llama-3.3-70b-instruct-turbo_verdicts': np.float64(0.5), 'judge_meta-llama-3.1-405b-instruct-turbo_verdicts': np.float64(0.5), 'judge_claude-3-5-sonnet-latest_verdicts': np.float64(0.5), 'judge_gpt-4o_verdicts': np.float64(0.5), 'judge_gemma-2-27b-it_verdicts': np.float64(0.5), 'judge_qwen2-72b-instruct_verdicts': np.float64(0.5), 'judge_nous-hermes-2-mixtral-8x7b-dpo_verdicts': np.float64(0.5)}",False
34,0.968,0,0.0,0.0,0.0,0,0,1,1,"{'qrm_scores': np.float64(0.6991452276706696), 'grm_scores': np.float64(0.5588454306125641), 'internlm_scores': np.float64(0.5816151201725006), 'judge_qwen2-72b-instruct_verdicts': np.float64(0.5), 'gpm_scores': np.float64(0.6429628133773804), 'grm_llama32_scores': np.float64(0.6625536978244781), 'offset_bias_scores': np.float64(0.7981177568435669), 'urm_scores': np.float64(0.6797807812690735), 'judge_nous-hermes-2-mixtral-8x7b-dpo_verdicts': np.float64(0.5), 'skyworks_scores': np.float64(0.636188268661499), 'judge_qwen2.5-72b-instruct-turbo_verdicts': np.float64(0.5), 'grm_gemma_scores': np.float64(0.5953687727451324), 'judge_meta-llama-3.1-405b-instruct-turbo_verdicts': np.float64(0.5), 'judge_llama-3.3-70b-instruct-turbo_verdicts': np.float64(0.5), 'judge_claude-3-5-sonnet-latest_verdicts': np.float64(0.5), 'judge_gemma-2-27b-it_verdicts': np.float64(0.5), 'judge_gpt-4o_verdicts': np.float64(0.5)}",False
35,0.992,1,1.0,1.0,1.0,1,0,0,0,"{'qrm_scores': np.float64(0.427150696516037), 'grm_scores': np.float64(0.48608382046222687), 'offset_bias_scores': np.float64(0.5556461811065674), 'skyworks_scores': np.float64(0.4465706944465637), 'internlm_scores': np.float64(0.15147091075778008), 'judge_meta-llama-3.1-405b-instruct-turbo_verdicts': np.float64(0.5), 'grm_gemma_scores': np.float64(0.44882942736148834), 'grm_llama32_scores': np.float64(0.4681503474712372), 'urm_scores': np.float64(0.34606562554836273), 'gpm_scores': np.float64(0.5202032774686813), 'judge_llama-3.3-70b-instruct-turbo_verdicts': np.float64(0.5), 'judge_gpt-4o_verdicts': np.float64(0.5), 'judge_gemma-2-27b-it_verdicts': np.float64(0.5), 'judge_llama-3.1-nemotron-70b-instruct-hf_verdicts': np.float64(0.5), 'judge_qwen2.5-72b-instruct-turbo_verdicts': np.float64(0.5), 'judge_claude-3-5-sonnet-latest_verdicts': np.float64(0.5)}",False
36,0.908,1,1.0,1.0,1.0,1,0,0,0,"{'qrm_scores': np.float64(0.6653764247894287), 'gpm_scores': np.float64(0.5517337620258331), 'judge_llama-3.3-70b-instruct-turbo_verdicts': np.float64(0.5), 'internlm_scores': np.float64(0.5386788249015808), 'grm_llama32_scores': np.float64(0.49295952916145325), 'offset_bias_scores': np.float64(0.7466290444135666), 'grm_scores': np.float64(0.518749475479126), 'skyworks_scores': np.float64(0.5651676952838898), 'urm_scores': np.float64(0.617186576128006), 'grm_gemma_scores': np.float64(0.6717524826526642), 'judge_meta-llama-3.1-405b-instruct-turbo_verdicts': np.float64(0.5), 'judge_qwen2.5-72b-instruct-turbo_verdicts': np.float64(0.5), 'judge_claude-3-5-sonnet-latest_verdicts': np.float64(0.5), 'judge_gemma-2-27b-it_verdicts': np.float64(0.5), 'judge_qwen2-72b-instruct_verdicts': np.float64(0.5), 'judge_nous-hermes-2-mixtral-8x7b-dpo_verdicts': np.float64(0.5), 'judge_gpt-4o_verdicts': np.float64(0.5)}",False
37,1.0,1,1.0,1.0,1.0,1,0,0,0,"{'qrm_scores': np.float64(0.5078514218330383), 'grm_scores': np.float64(0.4693881571292877), 'urm_scores': np.float64(0.6126509308815002), 'skyworks_scores': np.float64(0.3867403268814087), 'offset_bias_scores': np.float64(0.5374495387077332), 'grm_gemma_scores': np.float64(0.17578832805156708), 'internlm_scores': np.float64(0.47754861414432526), 'grm_llama32_scores': np.float64(0.613808274269104), 'judge_gpt-4o_verdicts': np.float64(0.5), 'gpm_scores': np.float64(0.7137108445167542), 'judge_claude-3-5-sonnet-latest_verdicts': np.float64(0.5), 'judge_llama-3.3-70b-instruct-turbo_verdicts': np.float64(0.5), 'judge_meta-llama-3.1-405b-instruct-turbo_verdicts': np.float64(0.5), 'judge_qwen2.5-72b-instruct-turbo_verdicts': np.float64(0.5)}",False
38,0.856,1,1.0,1.0,1.0,1,0,0,0,"{'grm_llama32_scores': np.float64(0.6667554974555969), 'judge_claude-3-5-sonnet-latest_verdicts': np.float64(0.5), 'judge_qwen2-72b-instruct_verdicts': np.float64(0.5), 'internlm_scores': np.float64(0.5155001580715179), 'grm_gemma_scores': np.float64(0.7809986174106598), 'gpm_scores': np.float64(0.6770681440830231), 'grm_scores': np.float64(0.6047604978084564), 'urm_scores': np.float64(0.7826563715934753), 'judge_llama-3.3-70b-instruct-turbo_verdicts': np.float64(0.5), 'skyworks_scores': np.float64(0.7155009210109711), 'judge_qwen2.5-72b-instruct-turbo_verdicts': np.float64(0.5), 'qrm_scores': np.float64(0.8053994178771973), 'offset_bias_scores': np.float64(0.7977538257837296), 'judge_gemma-2-27b-it_verdicts': np.float64(0.5), 'judge_meta-llama-3.1-405b-instruct-turbo_verdicts': np.float64(0.5), 'judge_gpt-4o_verdicts': np.float64(0.5)}",False
39,0.98,1,1.0,1.0,1.0,1,0,0,0,"{'internlm_scores': np.float64(0.5475514233112335), 'gpm_scores': np.float64(0.672016054391861), 'judge_qwen2-72b-instruct_verdicts': np.float64(0.5), 'qrm_scores': np.float64(0.6716988384723663), 'judge_llama-3.3-70b-instruct-turbo_verdicts': np.float64(0.5), 'grm_gemma_scores': np.float64(0.6388907432556152), 'urm_scores': np.float64(0.6537077128887177), 'grm_llama32_scores': np.float64(0.8077294826507568), 'skyworks_scores': np.float64(0.6580387204885483), 'grm_scores': np.float64(0.5621019005775452), 'offset_bias_scores': np.float64(0.699181854724884), 'judge_qwen2.5-72b-instruct-turbo_verdicts': np.float64(0.5), 'judge_nous-hermes-2-mixtral-8x7b-dpo_verdicts': np.float64(0.5), 'judge_gemma-2-27b-it_verdicts': np.float64(0.5), 'judge_gpt-4o_verdicts': np.float64(0.5), 'judge_claude-3-5-sonnet-latest_verdicts': np.float64(0.5), 'judge_meta-llama-3.1-405b-instruct-turbo_verdicts': np.float64(0.5)}",False
40,0.984,0,0.0,0.0,0.0,0,0,1,1,"{'internlm_scores': np.float64(0.527006208896637), 'judge_claude-3-5-sonnet-latest_verdicts': np.float64(0.5), 'grm_scores': np.float64(0.43867839872837067), 'judge_meta-llama-3.1-405b-instruct-turbo_verdicts': np.float64(0.5), 'grm_gemma_scores': np.float64(0.5584119260311127), 'judge_qwen2.5-72b-instruct-turbo_verdicts': np.float64(0.5), 'qrm_scores': np.float64(0.4673113450407982), 'grm_llama32_scores': np.float64(0.4719676226377487), 'gpm_scores': np.float64(0.6029176115989685), 'urm_scores': np.float64(0.46317438781261444), 'judge_qwen2-72b-instruct_verdicts': np.float64(0.5), 'judge_nous-hermes-2-mixtral-8x7b-dpo_verdicts': np.float64(0.5), 'offset_bias_scores': np.float64(0.658506378531456), 'judge_gemma-2-27b-it_verdicts': np.float64(0.5), 'skyworks_scores': np.float64(0.5569883584976196), 'judge_llama-3.3-70b-instruct-turbo_verdicts': np.float64(0.5), 'judge_gpt-4o_verdicts': np.float64(0.5)}",False
41,0.996,0,0.0,0.0,0.0,0,0,1,1,"{'qrm_scores': np.float64(0.29061445593833923), 'grm_scores': np.float64(0.5527454167604446), 'urm_scores': np.float64(0.2941721975803375), 'grm_llama32_scores': np.float64(0.5125515013933182), 'skyworks_scores': np.float64(0.6670761406421661), 'offset_bias_scores': np.float64(0.8132427930831909), 'grm_gemma_scores': np.float64(0.6637805104255676), 'internlm_scores': np.float64(0.5826497972011566), 'judge_claude-3-5-sonnet-latest_verdicts': np.float64(0.5), 'gpm_scores': np.float64(0.6174626052379608), 'judge_llama-3.3-70b-instruct-turbo_verdicts': np.float64(0.5), 'judge_qwen2.5-72b-instruct-turbo_verdicts': np.float64(0.5), 'judge_gpt-4o_verdicts': np.float64(0.5), 'judge_gemma-2-27b-it_verdicts': np.float64(0.5), 'judge_meta-llama-3.1-405b-instruct-turbo_verdicts': np.float64(0.5), 'judge_qwen2-72b-instruct_verdicts': np.float64(0.5)}",False
42,1.0,0,0.0,0.0,0.0,0,1,1,0,{},True
43,0.756,1,1.0,1.0,1.0,1,0,0,0,"{'judge_meta-llama-3.1-405b-instruct-turbo_verdicts': np.float64(0.5), 'grm_scores': np.float64(0.7024514973163605), 'offset_bias_scores': np.float64(0.7510095834732056), 'qrm_scores': np.float64(0.8043674230575562), 'internlm_scores': np.float64(0.6372930109500885), 'judge_llama-3.3-70b-instruct-turbo_verdicts': np.float64(0.5), 'gpm_scores': np.float64(0.7182296216487885), 'grm_llama32_scores': np.float64(0.6950203478336334), 'skyworks_scores': np.float64(0.7048245370388031), 'judge_gemma-2-27b-it_verdicts': np.float64(0.5), 'urm_scores': np.float64(0.7402782738208771), 'grm_gemma_scores': np.float64(0.6227130442857742), 'judge_gpt-4o_verdicts': np.float64(0.5), 'judge_claude-3-5-sonnet-latest_verdicts': np.float64(0.5), 'judge_qwen2-72b-instruct_verdicts': np.float64(0.5), 'judge_qwen2.5-72b-instruct-turbo_verdicts': np.float64(0.5)}",False
44,0.932,1,1.0,1.0,1.0,1,0,0,0,"{'internlm_scores': np.float64(0.55341637134552), 'gpm_scores': np.float64(0.469930499792099), 'offset_bias_scores': np.float64(0.7174989283084869), 'qrm_scores': np.float64(0.7192356288433075), 'grm_gemma_scores': np.float64(0.6547937244176865), 'judge_qwen2.5-72b-instruct-turbo_verdicts': np.float64(0.5), 'grm_llama32_scores': np.float64(0.6438503265380859), 'judge_meta-llama-3.1-405b-instruct-turbo_verdicts': np.float64(0.5), 'urm_scores': np.float64(0.7608765959739685), 'judge_llama-3.3-70b-instruct-turbo_verdicts': np.float64(0.5), 'grm_scores': np.float64(0.610800564289093), 'skyworks_scores': np.float64(0.6781767904758453), 'judge_claude-3-5-sonnet-latest_verdicts': np.float64(0.5), 'judge_qwen2-72b-instruct_verdicts': np.float64(0.5), 'judge_gemma-2-27b-it_verdicts': np.float64(0.5), 'judge_gpt-4o_verdicts': np.float64(0.5), 'judge_nous-hermes-2-mixtral-8x7b-dpo_verdicts': np.float64(0.5)}",False
45,0.964,1,1.0,1.0,1.0,1,0,0,0,"{'qrm_scores': np.float64(0.6993856579065323), 'grm_scores': np.float64(0.6012400090694427), 'offset_bias_scores': np.float64(0.7528858482837677), 'grm_gemma_scores': np.float64(0.5553451776504517), 'skyworks_scores': np.float64(0.7166666686534882), 'grm_llama32_scores': np.float64(0.7271077036857605), 'judge_gemma-2-27b-it_verdicts': np.float64(0.5), 'urm_scores': np.float64(0.6516372263431549), 'internlm_scores': np.float64(0.5562102347612381), 'gpm_scores': np.float64(0.5544263124465942), 'judge_claude-3-5-sonnet-latest_verdicts': np.float64(0.5), 'judge_qwen2.5-72b-instruct-turbo_verdicts': np.float64(0.5), 'judge_meta-llama-3.1-405b-instruct-turbo_verdicts': np.float64(0.5), 'judge_llama-3.3-70b-instruct-turbo_verdicts': np.float64(0.5), 'judge_gpt-4o_verdicts': np.float64(0.5), 'judge_nous-hermes-2-mixtral-8x7b-dpo_verdicts': np.float64(0.5), 'judge_qwen2-72b-instruct_verdicts': np.float64(0.5)}",False
46,0.976,0,0.0,0.0,0.0,0,0,1,1,"{'internlm_scores': np.float64(0.5232345461845398), 'gpm_scores': np.float64(0.5342120230197906), 'offset_bias_scores': np.float64(0.7943865060806274), 'judge_meta-llama-3.1-405b-instruct-turbo_verdicts': np.float64(0.5), 'grm_gemma_scores': np.float64(0.6848579049110413), 'judge_qwen2-72b-instruct_verdicts': np.float64(0.5), 'grm_llama32_scores': np.float64(0.5498659312725067), 'skyworks_scores': np.float64(0.6326486170291901), 'urm_scores': np.float64(0.5986494421958923), 'judge_llama-3.3-70b-instruct-turbo_verdicts': np.float64(0.5), 'qrm_scores': np.float64(0.6856968849897385), 'grm_scores': np.float64(0.6466438472270966), 'judge_qwen2.5-72b-instruct-turbo_verdicts': np.float64(0.5), 'judge_gpt-4o_verdicts': np.float64(0.5), 'judge_claude-3-5-sonnet-latest_verdicts': np.float64(0.5), 'judge_gemma-2-27b-it_verdicts': np.float64(0.5)}",False
47,0.824,1,1.0,1.0,1.0,1,0,0,0,"{'qrm_scores': np.float64(0.863773912191391), 'internlm_scores': np.float64(0.579719603061676), 'offset_bias_scores': np.float64(0.797736182808876), 'grm_gemma_scores': np.float64(0.8069468140602112), 'judge_meta-llama-3.1-405b-instruct-turbo_verdicts': np.float64(0.5), 'grm_llama32_scores': np.float64(0.7802441865205765), 'grm_scores': np.float64(0.7592528462409973), 'urm_scores': np.float64(0.7606171071529388), 'skyworks_scores': np.float64(0.8035714328289032), 'judge_qwen2.5-72b-instruct-turbo_verdicts': np.float64(0.5), 'judge_gemma-2-27b-it_verdicts': np.float64(0.5), 'gpm_scores': np.float64(0.6725512444972992), 'judge_claude-3-5-sonnet-latest_verdicts': np.float64(0.5), 'judge_llama-3.3-70b-instruct-turbo_verdicts': np.float64(0.5), 'judge_gpt-4o_verdicts': np.float64(0.5), 'judge_nous-hermes-2-mixtral-8x7b-dpo_verdicts': np.float64(0.5), 'judge_qwen2-72b-instruct_verdicts': np.float64(0.5)}",False
48,0.856,1,1.0,1.0,1.0,1,0,0,0,"{'internlm_scores': np.float64(0.49269111454486847), 'grm_scores': np.float64(0.5184403359889984), 'offset_bias_scores': np.float64(0.7763640135526657), 'qrm_scores': np.float64(0.6676740050315857), 'urm_scores': np.float64(0.6442528665065765), 'judge_qwen2-72b-instruct_verdicts': np.float64(0.5), 'judge_llama-3.3-70b-instruct-turbo_verdicts': np.float64(0.5), 'skyworks_scores': np.float64(0.6886184364557266), 'grm_llama32_scores': np.float64(0.609625980257988), 'judge_gpt-4o_verdicts': np.float64(0.5), 'gpm_scores': np.float64(0.770334929227829), 'judge_meta-llama-3.1-405b-instruct-turbo_verdicts': np.float64(0.5), 'grm_gemma_scores': np.float64(0.7966439723968506), 'judge_nous-hermes-2-mixtral-8x7b-dpo_verdicts': np.float64(0.5), 'judge_gemma-2-27b-it_verdicts': np.float64(0.5), 'judge_claude-3-5-sonnet-latest_verdicts': np.float64(0.5), 'judge_qwen2.5-72b-instruct-turbo_verdicts': np.float64(0.5)}",False
49,0.908,1,1.0,1.0,1.0,1,0,0,0,"{'judge_meta-llama-3.1-405b-instruct-turbo_verdicts': np.float64(0.5), 'gpm_scores': np.float64(0.6424517333507538), 'offset_bias_scores': np.float64(0.6567331552505493), 'qrm_scores': np.float64(0.638137012720108), 'grm_gemma_scores': np.float64(0.6449022889137268), 'judge_llama-3.3-70b-instruct-turbo_verdicts': np.float64(0.5), 'skyworks_scores': np.float64(0.5385505557060242), 'judge_gemma-2-27b-it_verdicts': np.float64(0.5), 'grm_llama32_scores': np.float64(0.6414039880037308), 'internlm_scores': np.float64(0.5502311587333679), 'grm_scores': np.float64(0.4326377362012863), 'urm_scores': np.float64(0.5833571255207062), 'judge_qwen2.5-72b-instruct-turbo_verdicts': np.float64(0.5), 'judge_qwen2-72b-instruct_verdicts': np.float64(0.5), 'judge_nous-hermes-2-mixtral-8x7b-dpo_verdicts': np.float64(0.5), 'judge_gpt-4o_verdicts': np.float64(0.5), 'judge_claude-3-5-sonnet-latest_verdicts': np.float64(0.5)}",False
50,0.912,1,1.0,1.0,1.0,1,0,0,0,"{'internlm_scores': np.float64(0.6363268494606018), 'grm_scores': np.float64(0.7145019769668579), 'judge_qwen2-72b-instruct_verdicts': np.float64(0.5), 'qrm_scores': np.float64(0.8015396893024445), 'gpm_scores': np.float64(0.5807938873767853), 'grm_llama32_scores': np.float64(0.7714060693979263), 'judge_gpt-4o_verdicts': np.float64(0.5), 'judge_llama-3.3-70b-instruct-turbo_verdicts': np.float64(0.5), 'urm_scores': np.float64(0.7753784954547882), 'offset_bias_scores': np.float64(0.8148665130138397), 'skyworks_scores': np.float64(0.7764630019664764), 'judge_claude-3-5-sonnet-latest_verdicts': np.float64(0.5), 'grm_gemma_scores': np.float64(0.6944191455841064), 'judge_gemma-2-27b-it_verdicts': np.float64(0.5), 'judge_qwen2.5-72b-instruct-turbo_verdicts': np.float64(0.5), 'judge_meta-llama-3.1-405b-instruct-turbo_verdicts': np.float64(0.5), 'judge_nous-hermes-2-mixtral-8x7b-dpo_verdicts': np.float64(0.5)}",False
51,0.896,1,1.0,1.0,1.0,1,0,0,0,"{'grm_llama32_scores': np.float64(0.688099279999733), 'grm_scores': np.float64(0.4252905175089836), 'offset_bias_scores': np.float64(0.4771415889263153), 'internlm_scores': np.float64(0.43187902867794037), 'urm_scores': np.float64(0.5568056106567383), 'skyworks_scores': np.float64(0.5481707453727722), 'gpm_scores': np.float64(0.4371833801269531), 'judge_qwen2-72b-instruct_verdicts': np.float64(0.5), 'grm_gemma_scores': np.float64(0.7204196900129318), 'qrm_scores': np.float64(0.6605764031410217), 'judge_meta-llama-3.1-405b-instruct-turbo_verdicts': np.float64(0.5), 'judge_claude-3-5-sonnet-latest_verdicts': np.float64(0.5), 'judge_llama-3.3-70b-instruct-turbo_verdicts': np.float64(0.5), 'judge_qwen2.5-72b-instruct-turbo_verdicts': np.float64(0.5), 'judge_nous-hermes-2-mixtral-8x7b-dpo_verdicts': np.float64(0.5), 'judge_gpt-4o_verdicts': np.float64(0.5), 'judge_gemma-2-27b-it_verdicts': np.float64(0.5)}",False
52,0.992,0,0.0,0.0,0.0,0,0,1,1,"{'internlm_scores': np.float64(0.4947134703397751), 'judge_claude-3-5-sonnet-latest_verdicts': np.float64(0.5), 'offset_bias_scores': np.float64(0.7967504411935806), 'judge_llama-3.3-70b-instruct-turbo_verdicts': np.float64(0.5), 'grm_gemma_scores': np.float64(0.7635611295700073), 'judge_qwen2-72b-instruct_verdicts': np.float64(0.5), 'urm_scores': np.float64(0.7042119204998016), 'judge_gemma-2-27b-it_verdicts': np.float64(0.5), 'grm_llama32_scores': np.float64(0.7318014204502106), 'qrm_scores': np.float64(0.7440195381641388), 'grm_scores': np.float64(0.6569205820560455), 'skyworks_scores': np.float64(0.7708333432674408), 'judge_nous-hermes-2-mixtral-8x7b-dpo_verdicts': np.float64(0.5), 'gpm_scores': np.float64(0.6292365789413452), 'judge_meta-llama-3.1-405b-instruct-turbo_verdicts': np.float64(0.5), 'judge_qwen2.5-72b-instruct-turbo_verdicts': np.float64(0.5), 'judge_gpt-4o_verdicts': np.float64(0.5)}",False
53,0.996,0,0.0,0.0,0.0,0,0,1,1,"{'qrm_scores': np.float64(0.5572224706411362), 'grm_scores': np.float64(0.332585409283638), 'judge_qwen2-72b-instruct_verdicts': np.float64(0.5), 'internlm_scores': np.float64(0.6834732592105865), 'urm_scores': np.float64(0.41433683037757874), 'judge_gemma-2-27b-it_verdicts': np.float64(0.5), 'offset_bias_scores': np.float64(0.6227805018424988), 'grm_llama32_scores': np.float64(0.5767964422702789), 'grm_gemma_scores': np.float64(0.5359623432159424), 'skyworks_scores': np.float64(0.6519784033298492), 'judge_qwen2.5-72b-instruct-turbo_verdicts': np.float64(0.5), 'judge_claude-3-5-sonnet-latest_verdicts': np.float64(0.5), 'judge_gpt-4o_verdicts': np.float64(0.5), 'gpm_scores': np.float64(0.7275667935609818), 'judge_meta-llama-3.1-405b-instruct-turbo_verdicts': np.float64(0.5), 'judge_llama-3.3-70b-instruct-turbo_verdicts': np.float64(0.5), 'judge_nous-hermes-2-mixtral-8x7b-dpo_verdicts': np.float64(0.5)}",False
54,0.756,1,1.0,1.0,1.0,1,0,0,0,"{'qrm_scores': np.float64(0.8096117526292801), 'gpm_scores': np.float64(0.42935875058174133), 'grm_scores': np.float64(0.6858451664447784), 'internlm_scores': np.float64(0.5847622156143188), 'grm_gemma_scores': np.float64(0.7012601047754288), 'judge_qwen2-72b-instruct_verdicts': np.float64(0.5), 'judge_gpt-4o_verdicts': np.float64(0.5), 'grm_llama32_scores': np.float64(0.6852459013462067), 'urm_scores': np.float64(0.6949682235717773), 'offset_bias_scores': np.float64(0.7866129726171494), 'judge_qwen2.5-72b-instruct-turbo_verdicts': np.float64(0.5), 'skyworks_scores': np.float64(0.7763400971889496), 'judge_gemma-2-27b-it_verdicts': np.float64(0.5), 'judge_claude-3-5-sonnet-latest_verdicts': np.float64(0.5), 'judge_meta-llama-3.1-405b-instruct-turbo_verdicts': np.float64(0.5), 'judge_llama-3.3-70b-instruct-turbo_verdicts': np.float64(0.5)}",False
55,0.892,1,1.0,1.0,1.0,1,0,0,0,"{'grm_llama32_scores': np.float64(0.7522328794002533), 'grm_scores': np.float64(0.4585883915424347), 'offset_bias_scores': np.float64(0.780072033405304), 'qrm_scores': np.float64(0.799157589673996), 'internlm_scores': np.float64(0.6562923341989517), 'skyworks_scores': np.float64(0.7977430522441864), 'judge_gemma-2-27b-it_verdicts': np.float64(0.5), 'judge_qwen2-72b-instruct_verdicts': np.float64(0.5), 'gpm_scores': np.float64(0.6406074166297913), 'urm_scores': np.float64(0.7739557325839996), 'judge_claude-3-5-sonnet-latest_verdicts': np.float64(0.5), 'judge_llama-3.3-70b-instruct-turbo_verdicts': np.float64(0.5), 'judge_meta-llama-3.1-405b-instruct-turbo_verdicts': np.float64(0.5), 'judge_nous-hermes-2-mixtral-8x7b-dpo_verdicts': np.float64(0.5), 'grm_gemma_scores': np.float64(0.6988304257392883), 'judge_gpt-4o_verdicts': np.float64(0.5), 'judge_qwen2.5-72b-instruct-turbo_verdicts': np.float64(0.5)}",False
56,0.997,0,0.0,0.0,0.0,0,0,1,1,{},True
57,0.908,1,1.0,1.0,1.0,1,0,0,0,"{'internlm_scores': np.float64(0.6052451282739639), 'grm_scores': np.float64(0.720896303653717), 'offset_bias_scores': np.float64(0.8223954141139984), 'qrm_scores': np.float64(0.7457617074251175), 'grm_gemma_scores': np.float64(0.733485609292984), 'judge_qwen2-72b-instruct_verdicts': np.float64(0.5), 'skyworks_scores': np.float64(0.7550154477357864), 'grm_llama32_scores': np.float64(0.6977311372756958), 'judge_meta-llama-3.1-405b-instruct-turbo_verdicts': np.float64(0.5), 'gpm_scores': np.float64(0.5268456339836121), 'judge_claude-3-5-sonnet-latest_verdicts': np.float64(0.5), 'urm_scores': np.float64(0.5953584313392639), 'judge_qwen2.5-72b-instruct-turbo_verdicts': np.float64(0.5), 'judge_gemma-2-27b-it_verdicts': np.float64(0.5), 'judge_llama-3.3-70b-instruct-turbo_verdicts': np.float64(0.5), 'judge_gpt-4o_verdicts': np.float64(0.5), 'judge_nous-hermes-2-mixtral-8x7b-dpo_verdicts': np.float64(0.5)}",False
58,0.904,1,1.0,1.0,1.0,1,0,0,0,"{'internlm_scores': np.float64(0.6246159672737122), 'skyworks_scores': np.float64(0.6988636404275894), 'offset_bias_scores': np.float64(0.7555936276912689), 'gpm_scores': np.float64(0.6228912472724915), 'urm_scores': np.float64(0.7653605937957764), 'qrm_scores': np.float64(0.8050649166107178), 'grm_scores': np.float64(0.6483305096626282), 'judge_meta-llama-3.1-405b-instruct-turbo_verdicts': np.float64(0.5), 'judge_qwen2-72b-instruct_verdicts': np.float64(0.5), 'grm_llama32_scores': np.float64(0.6563701033592224), 'judge_claude-3-5-sonnet-latest_verdicts': np.float64(0.5), 'judge_gpt-4o_verdicts': np.float64(0.5), 'grm_gemma_scores': np.float64(0.7945103645324707), 'judge_gemma-2-27b-it_verdicts': np.float64(0.5), 'judge_qwen2.5-72b-instruct-turbo_verdicts': np.float64(0.5), 'judge_llama-3.3-70b-instruct-turbo_verdicts': np.float64(0.5)}",False
59,0.972,0,0.0,0.0,0.0,0,0,1,1,"{'internlm_scores': np.float64(0.5968243330717087), 'gpm_scores': np.float64(0.673933357000351), 'judge_llama-3.3-70b-instruct-turbo_verdicts': np.float64(0.5), 'qrm_scores': np.float64(0.7878378927707672), 'grm_gemma_scores': np.float64(0.6995692253112793), 'judge_qwen2-72b-instruct_verdicts': np.float64(0.5), 'grm_llama32_scores': np.float64(0.8222602605819702), 'offset_bias_scores': np.float64(0.8482160568237305), 'urm_scores': np.float64(0.7423712611198425), 'grm_scores': np.float64(0.6661115288734436), 'skyworks_scores': np.float64(0.7285622954368591), 'judge_meta-llama-3.1-405b-instruct-turbo_verdicts': np.float64(0.5), 'judge_gpt-4o_verdicts': np.float64(0.5), 'judge_claude-3-5-sonnet-latest_verdicts': np.float64(0.5), 'judge_qwen2.5-72b-instruct-turbo_verdicts': np.float64(0.5), 'judge_gemma-2-27b-it_verdicts': np.float64(0.5), 'judge_nous-hermes-2-mixtral-8x7b-dpo_verdicts': np.float64(0.5)}",False
60,0.912,1,1.0,1.0,1.0,1,0,0,0,"{'internlm_scores': np.float64(0.6796379089355469), 'grm_scores': np.float64(0.6347565352916718), 'urm_scores': np.float64(0.7187381684780121), 'judge_llama-3.3-70b-instruct-turbo_verdicts': np.float64(0.5), 'skyworks_scores': np.float64(0.6462882161140442), 'grm_llama32_scores': np.float64(0.6210365295410156), 'judge_meta-llama-3.1-405b-instruct-turbo_verdicts': np.float64(0.5), 'gpm_scores': np.float64(0.6967810988426208), 'grm_gemma_scores': np.float64(0.6299940496683121), 'offset_bias_scores': np.float64(0.7604306936264038), 'judge_nous-hermes-2-mixtral-8x7b-dpo_verdicts': np.float64(0.5), 'judge_gpt-4o_verdicts': np.float64(0.5), 'judge_gemma-2-27b-it_verdicts': np.float64(0.5), 'qrm_scores': np.float64(0.7714315950870514), 'judge_qwen2.5-72b-instruct-turbo_verdicts': np.float64(0.5), 'judge_claude-3-5-sonnet-latest_verdicts': np.float64(0.5), 'judge_qwen2-72b-instruct_verdicts': np.float64(0.5)}",False
61,0.996,0,0.0,0.0,0.0,0,0,1,1,"{'grm_llama32_scores': np.float64(0.7367798984050751), 'judge_claude-3-5-sonnet-latest_verdicts': np.float64(0.5), 'grm_scores': np.float64(0.7758349478244781), 'qrm_scores': np.float64(0.6813084185123444), 'grm_gemma_scores': np.float64(0.7710888087749481), 'internlm_scores': np.float64(0.6113636344671249), 'skyworks_scores': np.float64(0.7703687846660614), 'judge_gemma-2-27b-it_verdicts': np.float64(0.5), 'urm_scores': np.float64(0.5595575720071793), 'judge_llama-3.3-70b-instruct-turbo_verdicts': np.float64(0.5), 'judge_nous-hermes-2-mixtral-8x7b-dpo_verdicts': np.float64(0.5), 'gpm_scores': np.float64(0.6082364320755005), 'judge_qwen2.5-72b-instruct-turbo_verdicts': np.float64(0.5), 'judge_meta-llama-3.1-405b-instruct-turbo_verdicts': np.float64(0.5), 'offset_bias_scores': np.float64(0.7217867076396942), 'judge_gpt-4o_verdicts': np.float64(0.5), 'judge_qwen2-72b-instruct_verdicts': np.float64(0.5)}",False
62,0.96,1,1.0,1.0,1.0,1,0,0,0,"{'qrm_scores': np.float64(0.6983660161495209), 'internlm_scores': np.float64(0.4539204239845276), 'offset_bias_scores': np.float64(0.5589966326951981), 'urm_scores': np.float64(0.5200944989919662), 'judge_llama-3.3-70b-instruct-turbo_verdicts': np.float64(0.5), 'judge_gpt-4o_verdicts': np.float64(0.5), 'grm_scores': np.float64(0.4977881461381912), 'judge_nous-hermes-2-mixtral-8x7b-dpo_verdicts': np.float64(0.5), 'grm_llama32_scores': np.float64(0.6483056098222733), 'skyworks_scores': np.float64(0.6474439054727554), 'grm_gemma_scores': np.float64(0.7461166977882385), 'judge_gemma-2-27b-it_verdicts': np.float64(0.5), 'gpm_scores': np.float64(0.49247220158576965), 'judge_qwen2.5-72b-instruct-turbo_verdicts': np.float64(0.5), 'judge_meta-llama-3.1-405b-instruct-turbo_verdicts': np.float64(0.5), 'judge_qwen2-72b-instruct_verdicts': np.float64(0.5), 'judge_claude-3-5-sonnet-latest_verdicts': np.float64(0.5)}",False
63,0.868,1,1.0,1.0,1.0,1,0,0,0,"{'internlm_scores': np.float64(0.6337943822145462), 'grm_scores': np.float64(0.6627349853515625), 'urm_scores': np.float64(0.6112900972366333), 'judge_qwen2.5-72b-instruct-turbo_verdicts': np.float64(0.5), 'skyworks_scores': np.float64(0.705753967165947), 'grm_gemma_scores': np.float64(0.63397616147995), 'grm_llama32_scores': np.float64(0.6969563364982605), 'gpm_scores': np.float64(0.6842620074748993), 'qrm_scores': np.float64(0.6378761380910873), 'judge_qwen2-72b-instruct_verdicts': np.float64(0.5), 'judge_gpt-4o_verdicts': np.float64(0.5), 'offset_bias_scores': np.float64(0.8031777143478394), 'judge_gemma-2-27b-it_verdicts': np.float64(0.5), 'judge_meta-llama-3.1-405b-instruct-turbo_verdicts': np.float64(0.5), 'judge_llama-3.3-70b-instruct-turbo_verdicts': np.float64(0.5), 'judge_claude-3-5-sonnet-latest_verdicts': np.float64(0.5), 'judge_nous-hermes-2-mixtral-8x7b-dpo_verdicts': np.float64(0.5)}",False
64,0.936,0,0.0,0.0,0.0,0,0,1,1,"{'qrm_scores': np.float64(0.5142689198255539), 'grm_scores': np.float64(0.6281337440013885), 'offset_bias_scores': np.float64(0.6539931893348694), 'urm_scores': np.float64(0.46836379170417786), 'judge_qwen2-72b-instruct_verdicts': np.float64(0.5), 'gpm_scores': np.float64(0.6976917237043381), 'grm_llama32_scores': np.float64(0.6387199312448502), 'skyworks_scores': np.float64(0.5665983557701111), 'judge_claude-3-5-sonnet-latest_verdicts': np.float64(0.5), 'grm_gemma_scores': np.float64(0.6999841034412384), 'judge_nous-hermes-2-mixtral-8x7b-dpo_verdicts': np.float64(0.5), 'internlm_scores': np.float64(0.5207931399345398), 'judge_llama-3.3-70b-instruct-turbo_verdicts': np.float64(0.5), 'judge_meta-llama-3.1-405b-instruct-turbo_verdicts': np.float64(0.5), 'judge_gemma-2-27b-it_verdicts': np.float64(0.5), 'judge_qwen2.5-72b-instruct-turbo_verdicts': np.float64(0.5), 'judge_gpt-4o_verdicts': np.float64(0.5)}",False
65,0.904,1,1.0,1.0,1.0,1,0,0,0,"{'grm_llama32_scores': np.float64(0.7055052220821381), 'grm_scores': np.float64(0.6967819631099701), 'internlm_scores': np.float64(0.6855243146419525), 'grm_gemma_scores': np.float64(0.8063663840293884), 'judge_qwen2.5-72b-instruct-turbo_verdicts': np.float64(0.5), 'skyworks_scores': np.float64(0.7566371858119965), 'judge_meta-llama-3.1-405b-instruct-turbo_verdicts': np.float64(0.5), 'offset_bias_scores': np.float64(0.7827736139297485), 'judge_qwen2-72b-instruct_verdicts': np.float64(0.5), 'qrm_scores': np.float64(0.7658578753471375), 'gpm_scores': np.float64(0.6328542679548264), 'urm_scores': np.float64(0.6861323118209839), 'judge_nous-hermes-2-mixtral-8x7b-dpo_verdicts': np.float64(0.5), 'judge_llama-3.3-70b-instruct-turbo_verdicts': np.float64(0.5), 'judge_gemma-2-27b-it_verdicts': np.float64(0.5), 'judge_claude-3-5-sonnet-latest_verdicts': np.float64(0.5), 'judge_gpt-4o_verdicts': np.float64(0.5)}",False
66,0.956,0,0.0,0.0,0.0,0,0,1,1,"{'qrm_scores': np.float64(0.5987891852855682), 'grm_scores': np.float64(0.7220943570137024), 'offset_bias_scores': np.float64(0.789084404706955), 'internlm_scores': np.float64(0.6035240441560745), 'judge_qwen2.5-72b-instruct-turbo_verdicts': np.float64(0.5), 'gpm_scores': np.float64(0.6836028695106506), 'grm_llama32_scores': np.float64(0.7170693576335907), 'judge_gpt-4o_verdicts': np.float64(0.5), 'skyworks_scores': np.float64(0.721484363079071), 'grm_gemma_scores': np.float64(0.7516845166683197), 'urm_scores': np.float64(0.5705087929964066), 'judge_gemma-2-27b-it_verdicts': np.float64(0.5), 'judge_llama-3.3-70b-instruct-turbo_verdicts': np.float64(0.5), 'judge_claude-3-5-sonnet-latest_verdicts': np.float64(0.5), 'judge_meta-llama-3.1-405b-instruct-turbo_verdicts': np.float64(0.5), 'judge_nous-hermes-2-mixtral-8x7b-dpo_verdicts': np.float64(0.5), 'judge_qwen2-72b-instruct_verdicts': np.float64(0.5)}",False
67,0.872,1,1.0,1.0,1.0,1,0,0,0,"{'internlm_scores': np.float64(0.4911985471844673), 'grm_scores': np.float64(0.6068788766860962), 'offset_bias_scores': np.float64(0.7602983266115189), 'qrm_scores': np.float64(0.7034099698066711), 'urm_scores': np.float64(0.6038529276847839), 'judge_llama-3.3-70b-instruct-turbo_verdicts': np.float64(0.5), 'gpm_scores': np.float64(0.7362675219774246), 'grm_llama32_scores': np.float64(0.5729245096445084), 'judge_nous-hermes-2-mixtral-8x7b-dpo_verdicts': np.float64(0.5), 'judge_claude-3-5-sonnet-latest_verdicts': np.float64(0.5), 'judge_qwen2.5-72b-instruct-turbo_verdicts': np.float64(0.5), 'grm_gemma_scores': np.float64(0.6466404497623444), 'skyworks_scores': np.float64(0.611132800579071), 'judge_meta-llama-3.1-405b-instruct-turbo_verdicts': np.float64(0.5), 'judge_gemma-2-27b-it_verdicts': np.float64(0.5), 'judge_qwen2-72b-instruct_verdicts': np.float64(0.5), 'judge_gpt-4o_verdicts': np.float64(0.5)}",False
68,0.972,1,1.0,1.0,1.0,1,0,0,0,"{'grm_llama32_scores': np.float64(0.6539524644613266), 'internlm_scores': np.float64(0.4791210740804672), 'skyworks_scores': np.float64(0.6316056847572327), 'grm_gemma_scores': np.float64(0.6822874844074249), 'gpm_scores': np.float64(0.598440021276474), 'judge_gpt-4o_verdicts': np.float64(0.5), 'urm_scores': np.float64(0.7834174335002899), 'grm_scores': np.float64(0.6413926780223846), 'judge_llama-3.1-nemotron-70b-instruct-hf_verdicts': np.float64(0.5), 'offset_bias_scores': np.float64(0.7429590225219727), 'judge_gemma-2-27b-it_verdicts': np.float64(0.5), 'qrm_scores': np.float64(0.7863858342170715), 'judge_qwen2.5-72b-instruct-turbo_verdicts': np.float64(0.5), 'judge_llama-3.3-70b-instruct-turbo_verdicts': np.float64(0.5), 'judge_claude-3-5-sonnet-latest_verdicts': np.float64(0.5), 'judge_nous-hermes-2-mixtral-8x7b-dpo_verdicts': np.float64(0.5)}",False
69,0.884,0,0.0,0.0,0.0,0,0,1,1,"{'grm_llama32_scores': np.float64(0.7039473652839661), 'grm_scores': np.float64(0.6198614984750748), 'internlm_scores': np.float64(0.6143037974834442), 'grm_gemma_scores': np.float64(0.7135924994945526), 'judge_llama-3.3-70b-instruct-turbo_verdicts': np.float64(0.5), 'gpm_scores': np.float64(0.6168737411499023), 'judge_meta-llama-3.1-405b-instruct-turbo_verdicts': np.float64(0.5), 'judge_qwen2-72b-instruct_verdicts': np.float64(0.5), 'judge_gemma-2-27b-it_verdicts': np.float64(0.5), 'urm_scores': np.float64(0.5924670100212097), 'judge_qwen2.5-72b-instruct-turbo_verdicts': np.float64(0.5), 'offset_bias_scores': np.float64(0.8055815696716309), 'skyworks_scores': np.float64(0.7908163070678711), 'qrm_scores': np.float64(0.6861977577209473), 'judge_gpt-4o_verdicts': np.float64(0.5), 'judge_claude-3-5-sonnet-latest_verdicts': np.float64(0.5), 'judge_nous-hermes-2-mixtral-8x7b-dpo_verdicts': np.float64(0.5)}",False
70,0.972,0,0.0,0.0,0.0,0,0,1,1,"{'internlm_scores': np.float64(0.5446129441261292), 'gpm_scores': np.float64(0.5957287847995758), 'judge_qwen2-72b-instruct_verdicts': np.float64(0.5), 'judge_meta-llama-3.1-405b-instruct-turbo_verdicts': np.float64(0.5), 'skyworks_scores': np.float64(0.6597927212715149), 'grm_llama32_scores': np.float64(0.718237429857254), 'urm_scores': np.float64(0.6115664541721344), 'grm_scores': np.float64(0.6222448348999023), 'offset_bias_scores': np.float64(0.7857410460710526), 'judge_gemma-2-27b-it_verdicts': np.float64(0.5), 'grm_gemma_scores': np.float64(0.7242188900709152), 'qrm_scores': np.float64(0.5972610116004944), 'judge_claude-3-5-sonnet-latest_verdicts': np.float64(0.5), 'judge_qwen2.5-72b-instruct-turbo_verdicts': np.float64(0.5), 'judge_llama-3.3-70b-instruct-turbo_verdicts': np.float64(0.5), 'judge_nous-hermes-2-mixtral-8x7b-dpo_verdicts': np.float64(0.5), 'judge_gpt-4o_verdicts': np.float64(0.5)}",False
71,0.896,1,1.0,1.0,1.0,1,0,0,0,"{'internlm_scores': np.float64(0.5986397415399551), 'offset_bias_scores': np.float64(0.800211489200592), 'qrm_scores': np.float64(0.7699799835681915), 'urm_scores': np.float64(0.7151490747928619), 'judge_qwen2.5-72b-instruct-turbo_verdicts': np.float64(0.5), 'grm_llama32_scores': np.float64(0.7192727327346802), 'grm_scores': np.float64(0.6438116729259491), 'grm_gemma_scores': np.float64(0.7185010313987732), 'gpm_scores': np.float64(0.6857029795646667), 'judge_qwen2-72b-instruct_verdicts': np.float64(0.5), 'judge_llama-3.3-70b-instruct-turbo_verdicts': np.float64(0.5), 'skyworks_scores': np.float64(0.7804588675498962), 'judge_claude-3-5-sonnet-latest_verdicts': np.float64(0.5), 'judge_gpt-4o_verdicts': np.float64(0.5), 'judge_meta-llama-3.1-405b-instruct-turbo_verdicts': np.float64(0.5), 'judge_gemma-2-27b-it_verdicts': np.float64(0.5)}",False
72,0.999,0,0.0,0.0,0.0,0,0,1,1,{},True
73,0.952,0,0.0,0.0,0.0,0,0,1,1,"{'internlm_scores': np.float64(0.28874218463897705), 'grm_scores': np.float64(0.7153178453445435), 'qrm_scores': np.float64(0.7373309433460236), 'grm_gemma_scores': np.float64(0.6640992313623428), 'judge_qwen2-72b-instruct_verdicts': np.float64(0.5), 'gpm_scores': np.float64(0.644859790802002), 'offset_bias_scores': np.float64(0.8507181406021118), 'grm_llama32_scores': np.float64(0.6830585896968842), 'urm_scores': np.float64(0.5407719016075134), 'skyworks_scores': np.float64(0.7237936556339264), 'judge_qwen2.5-72b-instruct-turbo_verdicts': np.float64(0.5), 'judge_llama-3.3-70b-instruct-turbo_verdicts': np.float64(0.5), 'judge_gemma-2-27b-it_verdicts': np.float64(0.5), 'judge_meta-llama-3.1-405b-instruct-turbo_verdicts': np.float64(0.5), 'judge_nous-hermes-2-mixtral-8x7b-dpo_verdicts': np.float64(0.5), 'judge_claude-3-5-sonnet-latest_verdicts': np.float64(0.5), 'judge_gpt-4o_verdicts': np.float64(0.5)}",False
74,0.976,0,0.0,0.0,0.0,0,0,1,1,"{'internlm_scores': np.float64(0.698404848575592), 'gpm_scores': np.float64(0.5902947187423706), 'offset_bias_scores': np.float64(0.8383214771747589), 'qrm_scores': np.float64(0.6762795597314835), 'urm_scores': np.float64(0.6062944233417511), 'judge_llama-3.3-70b-instruct-turbo_verdicts': np.float64(0.5), 'skyworks_scores': np.float64(0.7180385291576385), 'grm_llama32_scores': np.float64(0.6779557466506958), 'judge_nous-hermes-2-mixtral-8x7b-dpo_verdicts': np.float64(0.5), 'grm_scores': np.float64(0.6670574992895126), 'grm_gemma_scores': np.float64(0.7192862778902054), 'judge_gemma-2-27b-it_verdicts': np.float64(0.5), 'judge_qwen2-72b-instruct_verdicts': np.float64(0.5), 'judge_qwen2.5-72b-instruct-turbo_verdicts': np.float64(0.5), 'judge_meta-llama-3.1-405b-instruct-turbo_verdicts': np.float64(0.5), 'judge_claude-3-5-sonnet-latest_verdicts': np.float64(0.5), 'judge_gpt-4o_verdicts': np.float64(0.5)}",False
75,0.868,1,1.0,1.0,1.0,1,0,0,0,"{'internlm_scores': np.float64(0.6615763902664185), 'gpm_scores': np.float64(0.6815703213214874), 'offset_bias_scores': np.float64(0.8198529481887817), 'qrm_scores': np.float64(0.7403916269540787), 'judge_llama-3.3-70b-instruct-turbo_verdicts': np.float64(0.5), 'grm_llama32_scores': np.float64(0.6453632116317749), 'grm_scores': np.float64(0.6431625783443451), 'urm_scores': np.float64(0.5622170865535736), 'grm_gemma_scores': np.float64(0.7665425091981888), 'skyworks_scores': np.float64(0.7393333315849304), 'judge_gpt-4o_verdicts': np.float64(0.5), 'judge_qwen2.5-72b-instruct-turbo_verdicts': np.float64(0.5), 'judge_meta-llama-3.1-405b-instruct-turbo_verdicts': np.float64(0.5), 'judge_gemma-2-27b-it_verdicts': np.float64(0.5), 'judge_claude-3-5-sonnet-latest_verdicts': np.float64(0.5), 'judge_qwen2-72b-instruct_verdicts': np.float64(0.5), 'judge_nous-hermes-2-mixtral-8x7b-dpo_verdicts': np.float64(0.5)}",False
76,0.756,1,1.0,1.0,1.0,1,0,0,0,"{'internlm_scores': np.float64(0.5151695907115936), 'judge_claude-3-5-sonnet-latest_verdicts': np.float64(0.5), 'grm_scores': np.float64(0.6289438605308533), 'qrm_scores': np.float64(0.6721907258033752), 'judge_llama-3.3-70b-instruct-turbo_verdicts': np.float64(0.5), 'gpm_scores': np.float64(0.7019500881433487), 'grm_llama32_scores': np.float64(0.6515372395515442), 'offset_bias_scores': np.float64(0.7607788741588593), 'skyworks_scores': np.float64(0.5959742069244385), 'judge_qwen2-72b-instruct_verdicts': np.float64(0.5), 'grm_gemma_scores': np.float64(0.6911786496639252), 'urm_scores': np.float64(0.6342822909355164), 'judge_qwen2.5-72b-instruct-turbo_verdicts': np.float64(0.5), 'judge_gemma-2-27b-it_verdicts': np.float64(0.5), 'judge_meta-llama-3.1-405b-instruct-turbo_verdicts': np.float64(0.5), 'judge_nous-hermes-2-mixtral-8x7b-dpo_verdicts': np.float64(0.5), 'judge_gpt-4o_verdicts': np.float64(0.5)}",False
77,0.944,1,1.0,1.0,1.0,1,0,0,0,"{'qrm_scores': np.float64(0.88258296251297), 'internlm_scores': np.float64(0.606622964143753), 'judge_llama-3.3-70b-instruct-turbo_verdicts': np.float64(0.5), 'gpm_scores': np.float64(0.5094146430492401), 'grm_scores': np.float64(0.782017707824707), 'judge_gpt-4o_verdicts': np.float64(0.5), 'urm_scores': np.float64(0.8896898031234741), 'offset_bias_scores': np.float64(0.8125710487365723), 'grm_gemma_scores': np.float64(0.8521904051303864), 'skyworks_scores': np.float64(0.8703170120716095), 'grm_llama32_scores': np.float64(0.8005411028862), 'judge_llama-3.1-nemotron-70b-instruct-hf_verdicts': np.float64(0.5), 'judge_claude-3-5-sonnet-latest_verdicts': np.float64(0.5), 'judge_qwen2-72b-instruct_verdicts': np.float64(0.5), 'judge_meta-llama-3.1-405b-instruct-turbo_verdicts': np.float64(0.5), 'judge_gemma-2-27b-it_verdicts': np.float64(0.5), 'judge_qwen2.5-72b-instruct-turbo_verdicts': np.float64(0.5), 'judge_nous-hermes-2-mixtral-8x7b-dpo_verdicts': np.float64(0.5)}",False
78,0.972,1,1.0,1.0,1.0,1,0,0,0,"{'qrm_scores': np.float64(0.838806226849556), 'internlm_scores': np.float64(0.7066551446914673), 'offset_bias_scores': np.float64(0.8159179389476776), 'urm_scores': np.float64(0.8103907108306885), 'judge_meta-llama-3.1-405b-instruct-turbo_verdicts': np.float64(0.5), 'grm_llama32_scores': np.float64(0.7661037594079971), 'grm_scores': np.float64(0.713088184595108), 'skyworks_scores': np.float64(0.8038793206214905), 'gpm_scores': np.float64(0.5868837535381317), 'judge_qwen2-72b-instruct_verdicts': np.float64(0.5), 'judge_gemma-2-27b-it_verdicts': np.float64(0.5), 'grm_gemma_scores': np.float64(0.797887533903122), 'judge_gpt-4o_verdicts': np.float64(0.5), 'judge_llama-3.3-70b-instruct-turbo_verdicts': np.float64(0.5), 'judge_claude-3-5-sonnet-latest_verdicts': np.float64(0.5), 'judge_qwen2.5-72b-instruct-turbo_verdicts': np.float64(0.5), 'judge_nous-hermes-2-mixtral-8x7b-dpo_verdicts': np.float64(0.5)}",False
79,0.964,1,1.0,1.0,1.0,1,0,0,0,"{'grm_llama32_scores': np.float64(0.6938585042953491), 'grm_scores': np.float64(0.4947451800107956), 'judge_qwen2-72b-instruct_verdicts': np.float64(0.5), 'internlm_scores': np.float64(0.4231049567461014), 'urm_scores': np.float64(0.5543584227561951), 'qrm_scores': np.float64(0.6360908448696136), 'judge_gemma-2-27b-it_verdicts': np.float64(0.5), 'gpm_scores': np.float64(0.6268286108970642), 'judge_qwen2.5-72b-instruct-turbo_verdicts': np.float64(0.5), 'judge_meta-llama-3.1-405b-instruct-turbo_verdicts': np.float64(0.5), 'judge_nous-hermes-2-mixtral-8x7b-dpo_verdicts': np.float64(0.5), 'offset_bias_scores': np.float64(0.5670349299907684), 'skyworks_scores': np.float64(0.512574702501297), 'grm_gemma_scores': np.float64(0.6012721061706543), 'judge_llama-3.3-70b-instruct-turbo_verdicts': np.float64(0.5), 'judge_gpt-4o_verdicts': np.float64(0.5), 'judge_claude-3-5-sonnet-latest_verdicts': np.float64(0.5)}",False
80,0.88,1,1.0,1.0,1.0,1,0,0,0,"{'qrm_scores': np.float64(0.7781239151954651), 'judge_claude-3-5-sonnet-latest_verdicts': np.float64(0.5), 'judge_qwen2-72b-instruct_verdicts': np.float64(0.5), 'internlm_scores': np.float64(0.5496465861797333), 'grm_gemma_scores': np.float64(0.6710928827524185), 'skyworks_scores': np.float64(0.7880116999149323), 'judge_gemma-2-27b-it_verdicts': np.float64(0.5), 'grm_llama32_scores': np.float64(0.6986124515533447), 'judge_gpt-4o_verdicts': np.float64(0.5), 'urm_scores': np.float64(0.724030077457428), 'grm_scores': np.float64(0.6136684119701385), 'offset_bias_scores': np.float64(0.7615860998630524), 'gpm_scores': np.float64(0.6880584955215454), 'judge_meta-llama-3.1-405b-instruct-turbo_verdicts': np.float64(0.5), 'judge_llama-3.3-70b-instruct-turbo_verdicts': np.float64(0.5), 'judge_qwen2.5-72b-instruct-turbo_verdicts': np.float64(0.5), 'judge_nous-hermes-2-mixtral-8x7b-dpo_verdicts': np.float64(0.5)}",False
81,0.852,1,1.0,1.0,1.0,1,0,0,0,"{'internlm_scores': np.float64(0.4369758814573288), 'grm_scores': np.float64(0.6112210154533386), 'urm_scores': np.float64(0.6968500465154648), 'judge_qwen2.5-72b-instruct-turbo_verdicts': np.float64(0.5), 'skyworks_scores': np.float64(0.7769978642463684), 'gpm_scores': np.float64(0.5162088871002197), 'grm_llama32_scores': np.float64(0.6978615522384644), 'judge_llama-3.3-70b-instruct-turbo_verdicts': np.float64(0.5), 'grm_gemma_scores': np.float64(0.6996036916971207), 'judge_qwen2-72b-instruct_verdicts': np.float64(0.5), 'offset_bias_scores': np.float64(0.800456315279007), 'qrm_scores': np.float64(0.7833924889564514), 'judge_gpt-4o_verdicts': np.float64(0.5), 'judge_claude-3-5-sonnet-latest_verdicts': np.float64(0.5), 'judge_gemma-2-27b-it_verdicts': np.float64(0.5), 'judge_meta-llama-3.1-405b-instruct-turbo_verdicts': np.float64(0.5), 'judge_nous-hermes-2-mixtral-8x7b-dpo_verdicts': np.float64(0.5)}",False
82,0.82,0,0.0,0.0,0.0,0,0,1,1,"{'internlm_scores': np.float64(0.6899268478155136), 'gpm_scores': np.float64(0.7971208691596985), 'offset_bias_scores': np.float64(0.8587031364440918), 'qrm_scores': np.float64(0.7458436787128448), 'urm_scores': np.float64(0.6509883403778076), 'judge_llama-3.3-70b-instruct-turbo_verdicts': np.float64(0.5), 'judge_nous-hermes-2-mixtral-8x7b-dpo_verdicts': np.float64(0.5), 'judge_qwen2-72b-instruct_verdicts': np.float64(0.5), 'grm_scores': np.float64(0.6860883235931396), 'skyworks_scores': np.float64(0.7099056541919708), 'grm_gemma_scores': np.float64(0.746025025844574), 'grm_llama32_scores': np.float64(0.8093434274196625), 'judge_claude-3-5-sonnet-latest_verdicts': np.float64(0.5), 'judge_gpt-4o_verdicts': np.float64(0.5), 'judge_gemma-2-27b-it_verdicts': np.float64(0.5), 'judge_qwen2.5-72b-instruct-turbo_verdicts': np.float64(0.5), 'judge_meta-llama-3.1-405b-instruct-turbo_verdicts': np.float64(0.5)}",False
83,0.948,1,1.0,1.0,1.0,1,0,0,0,"{'internlm_scores': np.float64(0.4529755413532257), 'grm_scores': np.float64(0.6063405722379684), 'judge_qwen2-72b-instruct_verdicts': np.float64(0.5), 'urm_scores': np.float64(0.5257667601108551), 'gpm_scores': np.float64(0.48195289075374603), 'judge_gemma-2-27b-it_verdicts': np.float64(0.5), 'grm_llama32_scores': np.float64(0.6688591092824936), 'skyworks_scores': np.float64(0.4881075620651245), 'qrm_scores': np.float64(0.6477074325084686), 'offset_bias_scores': np.float64(0.7869718074798584), 'grm_gemma_scores': np.float64(0.6943467855453491), 'judge_gpt-4o_verdicts': np.float64(0.5), 'judge_claude-3-5-sonnet-latest_verdicts': np.float64(0.5), 'judge_nous-hermes-2-mixtral-8x7b-dpo_verdicts': np.float64(0.5), 'judge_qwen2.5-72b-instruct-turbo_verdicts': np.float64(0.5), 'judge_meta-llama-3.1-405b-instruct-turbo_verdicts': np.float64(0.5), 'judge_llama-3.3-70b-instruct-turbo_verdicts': np.float64(0.5), 'judge_llama-3.1-nemotron-70b-instruct-hf_verdicts': np.float64(0.5)}",False
84,0.688,0,0.0,0.0,0.0,0,0,1,1,"{'internlm_scores': np.float64(0.41704893112182617), 'gpm_scores': np.float64(0.5666666626930237), 'offset_bias_scores': np.float64(0.7702375948429108), 'judge_llama-3.3-70b-instruct-turbo_verdicts': np.float64(0.5), 'qrm_scores': np.float64(0.6121140420436859), 'grm_llama32_scores': np.float64(0.6260027289390564), 'grm_scores': np.float64(0.5326756834983826), 'skyworks_scores': np.float64(0.601118415594101), 'grm_gemma_scores': np.float64(0.5305581539869308), 'judge_qwen2-72b-instruct_verdicts': np.float64(0.5), 'urm_scores': np.float64(0.4942171722650528), 'judge_gemma-2-27b-it_verdicts': np.float64(0.5), 'judge_claude-3-5-sonnet-latest_verdicts': np.float64(0.5), 'judge_gpt-4o_verdicts': np.float64(0.5), 'judge_qwen2.5-72b-instruct-turbo_verdicts': np.float64(0.5), 'judge_meta-llama-3.1-405b-instruct-turbo_verdicts': np.float64(0.5)}",False
85,0.824,1,1.0,1.0,1.0,1,0,0,0,"{'internlm_scores': np.float64(0.5613937973976135), 'grm_scores': np.float64(0.5036466717720032), 'judge_qwen2-72b-instruct_verdicts': np.float64(0.5), 'grm_gemma_scores': np.float64(0.5903923809528351), 'skyworks_scores': np.float64(0.6557224094867706), 'offset_bias_scores': np.float64(0.7341368049383163), 'urm_scores': np.float64(0.41349808871746063), 'gpm_scores': np.float64(0.5508586466312408), 'judge_llama-3.3-70b-instruct-turbo_verdicts': np.float64(0.5), 'judge_qwen2.5-72b-instruct-turbo_verdicts': np.float64(0.5), 'qrm_scores': np.float64(0.5969394445419312), 'grm_llama32_scores': np.float64(0.5297280550003052), 'judge_meta-llama-3.1-405b-instruct-turbo_verdicts': np.float64(0.5), 'judge_gpt-4o_verdicts': np.float64(0.5), 'judge_claude-3-5-sonnet-latest_verdicts': np.float64(0.5), 'judge_gemma-2-27b-it_verdicts': np.float64(0.5), 'judge_nous-hermes-2-mixtral-8x7b-dpo_verdicts': np.float64(0.5)}",False
86,0.936,1,1.0,1.0,1.0,1,0,0,0,"{'internlm_scores': np.float64(0.3836505487561226), 'grm_scores': np.float64(0.4522128403186798), 'offset_bias_scores': np.float64(0.6002591550350189), 'qrm_scores': np.float64(0.5547881722450256), 'judge_qwen2.5-72b-instruct-turbo_verdicts': np.float64(0.5), 'gpm_scores': np.float64(0.6247763931751251), 'grm_llama32_scores': np.float64(0.5049283355474472), 'judge_llama-3.3-70b-instruct-turbo_verdicts': np.float64(0.5), 'grm_gemma_scores': np.float64(0.47959184646606445), 'judge_claude-3-5-sonnet-latest_verdicts': np.float64(0.5), 'judge_qwen2-72b-instruct_verdicts': np.float64(0.5), 'urm_scores': np.float64(0.5660346746444702), 'judge_meta-llama-3.1-405b-instruct-turbo_verdicts': np.float64(0.5), 'skyworks_scores': np.float64(0.5771484375), 'judge_gemma-2-27b-it_verdicts': np.float64(0.5), 'judge_gpt-4o_verdicts': np.float64(0.5)}",False
87,0.864,1,1.0,1.0,1.0,1,0,0,0,"{'grm_llama32_scores': np.float64(0.6315611004829407), 'grm_scores': np.float64(0.6250150799751282), 'offset_bias_scores': np.float64(0.7913728356361389), 'qrm_scores': np.float64(0.6025843620300293), 'urm_scores': np.float64(0.6023602783679962), 'internlm_scores': np.float64(0.5309048593044281), 'gpm_scores': np.float64(0.7097620666027069), 'skyworks_scores': np.float64(0.710795447230339), 'grm_gemma_scores': np.float64(0.7125000059604645), 'judge_gpt-4o_verdicts': np.float64(0.5), 'judge_claude-3-5-sonnet-latest_verdicts': np.float64(0.5), 'judge_gemma-2-27b-it_verdicts': np.float64(0.5), 'judge_meta-llama-3.1-405b-instruct-turbo_verdicts': np.float64(0.5), 'judge_qwen2-72b-instruct_verdicts': np.float64(0.5), 'judge_llama-3.3-70b-instruct-turbo_verdicts': np.float64(0.5), 'judge_qwen2.5-72b-instruct-turbo_verdicts': np.float64(0.5)}",False
88,0.956,1,1.0,1.0,1.0,1,0,0,0,"{'internlm_scores': np.float64(0.6192920207977295), 'grm_scores': np.float64(0.5606411397457123), 'offset_bias_scores': np.float64(0.8213860094547272), 'qrm_scores': np.float64(0.7997347116470337), 'grm_gemma_scores': np.float64(0.7396104633808136), 'grm_llama32_scores': np.float64(0.7173876166343689), 'gpm_scores': np.float64(0.7499531954526901), 'urm_scores': np.float64(0.6331942975521088), 'judge_qwen2-72b-instruct_verdicts': np.float64(0.5), 'judge_claude-3-5-sonnet-latest_verdicts': np.float64(0.5), 'skyworks_scores': np.float64(0.6614096462726593), 'judge_gemma-2-27b-it_verdicts': np.float64(0.5), 'judge_qwen2.5-72b-instruct-turbo_verdicts': np.float64(0.5), 'judge_gpt-4o_verdicts': np.float64(0.5), 'judge_meta-llama-3.1-405b-instruct-turbo_verdicts': np.float64(0.5), 'judge_llama-3.3-70b-instruct-turbo_verdicts': np.float64(0.5), 'judge_nous-hermes-2-mixtral-8x7b-dpo_verdicts': np.float64(0.5)}",False
89,0.999,0,0.0,0.0,0.0,0,0,1,1,{},True
90,0.992,1,1.0,1.0,1.0,1,0,0,0,"{'internlm_scores': np.float64(0.29130585491657257), 'grm_scores': np.float64(0.6955283284187317), 'offset_bias_scores': np.float64(0.6353949904441833), 'grm_gemma_scores': np.float64(0.6207056045532227), 'grm_llama32_scores': np.float64(0.6497943699359894), 'skyworks_scores': np.float64(0.7376611828804016), 'urm_scores': np.float64(0.8234588801860809), 'qrm_scores': np.float64(0.7409656047821045), 'judge_gemma-2-27b-it_verdicts': np.float64(0.5), 'gpm_scores': np.float64(0.5804131180047989), 'judge_llama-3.3-70b-instruct-turbo_verdicts': np.float64(0.5), 'judge_gpt-4o_verdicts': np.float64(0.5), 'judge_meta-llama-3.1-405b-instruct-turbo_verdicts': np.float64(0.5), 'judge_qwen2.5-72b-instruct-turbo_verdicts': np.float64(0.5)}",False
91,0.992,1,1.0,1.0,1.0,1,0,0,0,"{'qrm_scores': np.float64(0.4363558143377304), 'grm_scores': np.float64(0.3364950269460678), 'judge_gemma-2-27b-it_verdicts': np.float64(0.5), 'offset_bias_scores': np.float64(0.6443999260663986), 'skyworks_scores': np.float64(0.32646048069000244), 'internlm_scores': np.float64(0.277369000017643), 'urm_scores': np.float64(0.422945037484169), 'judge_qwen2.5-72b-instruct-turbo_verdicts': np.float64(0.5), 'gpm_scores': np.float64(0.5281398296356201), 'grm_llama32_scores': np.float64(0.4225190654397011), 'judge_llama-3.3-70b-instruct-turbo_verdicts': np.float64(0.5), 'judge_qwen2-72b-instruct_verdicts': np.float64(0.5), 'judge_llama-3.1-nemotron-70b-instruct-hf_verdicts': np.float64(0.5), 'judge_claude-3-5-sonnet-latest_verdicts': np.float64(0.5), 'grm_gemma_scores': np.float64(0.32666487991809845), 'judge_gpt-4o_verdicts': np.float64(0.5), 'judge_nous-hermes-2-mixtral-8x7b-dpo_verdicts': np.float64(0.5), 'judge_meta-llama-3.1-405b-instruct-turbo_verdicts': np.float64(0.5)}",False
92,0.996,1,1.0,1.0,1.0,1,0,0,0,"{'internlm_scores': np.float64(0.42100849747657776), 'judge_meta-llama-3.1-405b-instruct-turbo_verdicts': np.float64(0.5), 'qrm_scores': np.float64(0.39146602153778076), 'offset_bias_scores': np.float64(0.5220476537942886), 'skyworks_scores': np.float64(0.6132478415966034), 'gpm_scores': np.float64(0.11599471420049667), 'urm_scores': np.float64(0.3052210211753845), 'grm_gemma_scores': np.float64(0.3573683574795723), 'grm_scores': np.float64(0.4228196442127228), 'judge_llama-3.3-70b-instruct-turbo_verdicts': np.float64(0.5), 'grm_llama32_scores': np.float64(0.6030729115009308), 'judge_gpt-4o_verdicts': np.float64(0.5), 'judge_nous-hermes-2-mixtral-8x7b-dpo_verdicts': np.float64(0.5)}",False
93,0.972,1,1.0,1.0,1.0,1,0,0,0,"{'internlm_scores': np.float64(0.5756431221961975), 'gpm_scores': np.float64(0.647161066532135), 'judge_llama-3.3-70b-instruct-turbo_verdicts': np.float64(0.5), 'grm_llama32_scores': np.float64(0.7629305124282837), 'skyworks_scores': np.float64(0.6506717801094055), 'urm_scores': np.float64(0.7862863540649414), 'qrm_scores': np.float64(0.7599920779466629), 'offset_bias_scores': np.float64(0.654821902513504), 'judge_qwen2-72b-instruct_verdicts': np.float64(0.5), 'grm_scores': np.float64(0.6371736377477646), 'judge_gpt-4o_verdicts': np.float64(0.5), 'grm_gemma_scores': np.float64(0.6703141927719116), 'judge_meta-llama-3.1-405b-instruct-turbo_verdicts': np.float64(0.5), 'judge_qwen2.5-72b-instruct-turbo_verdicts': np.float64(0.5), 'judge_claude-3-5-sonnet-latest_verdicts': np.float64(0.5), 'judge_gemma-2-27b-it_verdicts': np.float64(0.5)}",False
94,0.88,1,1.0,1.0,1.0,1,0,0,0,"{'qrm_scores': np.float64(0.7394123822450638), 'gpm_scores': np.float64(0.6775971353054047), 'grm_scores': np.float64(0.5957934260368347), 'internlm_scores': np.float64(0.70799720287323), 'judge_qwen2.5-72b-instruct-turbo_verdicts': np.float64(0.5), 'grm_llama32_scores': np.float64(0.6118420958518982), 'grm_gemma_scores': np.float64(0.7020630985498428), 'urm_scores': np.float64(0.7134279608726501), 'judge_claude-3-5-sonnet-latest_verdicts': np.float64(0.5), 'skyworks_scores': np.float64(0.636435329914093), 'judge_gemma-2-27b-it_verdicts': np.float64(0.5), 'offset_bias_scores': np.float64(0.8018309026956558), 'judge_qwen2-72b-instruct_verdicts': np.float64(0.5), 'judge_meta-llama-3.1-405b-instruct-turbo_verdicts': np.float64(0.5), 'judge_gpt-4o_verdicts': np.float64(0.5), 'judge_llama-3.3-70b-instruct-turbo_verdicts': np.float64(0.5)}",False
95,1.0,1,1.0,1.0,1.0,1,0,0,0,"{'internlm_scores': np.float64(0.5281387865543365), 'gpm_scores': np.float64(0.6675392687320709), 'offset_bias_scores': np.float64(0.6864472180604935), 'urm_scores': np.float64(0.6700628697872162), 'qrm_scores': np.float64(0.7402926385402679), 'skyworks_scores': np.float64(0.6232339143753052), 'grm_gemma_scores': np.float64(0.5088028311729431), 'judge_gemma-2-27b-it_verdicts': np.float64(0.5), 'grm_scores': np.float64(0.5934621691703796), 'judge_gpt-4o_verdicts': np.float64(0.5), 'grm_llama32_scores': np.float64(0.6247446089982986), 'judge_claude-3-5-sonnet-latest_verdicts': np.float64(0.5)}",False
96,0.952,1,1.0,1.0,1.0,1,0,0,0,"{'internlm_scores': np.float64(0.5191494598984718), 'judge_claude-3-5-sonnet-latest_verdicts': np.float64(0.5), 'gpm_scores': np.float64(0.49840596318244934), 'urm_scores': np.float64(0.33574816584587097), 'offset_bias_scores': np.float64(0.32262569665908813), 'grm_scores': np.float64(0.35109542310237885), 'judge_gpt-4o_verdicts': np.float64(0.5), 'skyworks_scores': np.float64(0.4914858490228653), 'grm_llama32_scores': np.float64(0.7014749944210052), 'judge_gemma-2-27b-it_verdicts': np.float64(0.5), 'qrm_scores': np.float64(0.4742349535226822), 'grm_gemma_scores': np.float64(0.6088124215602875), 'judge_nous-hermes-2-mixtral-8x7b-dpo_verdicts': np.float64(0.5), 'judge_qwq-32b-preview_verdicts': np.float64(0.5), 'judge_qwen2.5-72b-instruct-turbo_verdicts': np.float64(0.5)}",False
97,0.96,1,1.0,1.0,1.0,1,0,0,0,"{'internlm_scores': np.float64(0.6894458681344986), 'grm_scores': np.float64(0.5098276138305664), 'judge_qwen2-72b-instruct_verdicts': np.float64(0.5), 'judge_llama-3.3-70b-instruct-turbo_verdicts': np.float64(0.5), 'judge_meta-llama-3.1-405b-instruct-turbo_verdicts': np.float64(0.5), 'skyworks_scores': np.float64(0.640444815158844), 'grm_llama32_scores': np.float64(0.7293689250946045), 'urm_scores': np.float64(0.6609874069690704), 'offset_bias_scores': np.float64(0.7681358456611633), 'grm_gemma_scores': np.float64(0.7296080887317657), 'gpm_scores': np.float64(0.7518795877695084), 'judge_qwen2.5-72b-instruct-turbo_verdicts': np.float64(0.5), 'judge_gpt-4o_verdicts': np.float64(0.5), 'judge_gemma-2-27b-it_verdicts': np.float64(0.5), 'qrm_scores': np.float64(0.7607522755861282), 'judge_claude-3-5-sonnet-latest_verdicts': np.float64(0.5), 'judge_nous-hermes-2-mixtral-8x7b-dpo_verdicts': np.float64(0.5)}",False
98,0.98,1,1.0,1.0,1.0,1,0,0,0,"{'internlm_scores': np.float64(0.5519670248031616), 'grm_scores': np.float64(0.551282063126564), 'urm_scores': np.float64(0.6820158362388611), 'qrm_scores': np.float64(0.6385273039340973), 'grm_llama32_scores': np.float64(0.6064292788505554), 'skyworks_scores': np.float64(0.631914883852005), 'offset_bias_scores': np.float64(0.6502070128917694), 'grm_gemma_scores': np.float64(0.6266306936740875), 'judge_nous-hermes-2-mixtral-8x7b-dpo_verdicts': np.float64(0.5), 'gpm_scores': np.float64(0.45679013431072235), 'judge_gemma-2-27b-it_verdicts': np.float64(0.5), 'judge_gpt-4o_verdicts': np.float64(0.5), 'judge_meta-llama-3.1-405b-instruct-turbo_verdicts': np.float64(0.5), 'judge_claude-3-5-sonnet-latest_verdicts': np.float64(0.5), 'judge_qwen2-72b-instruct_verdicts': np.float64(0.5), 'judge_qwen2.5-72b-instruct-turbo_verdicts': np.float64(0.5)}",False
99,0.76,1,1.0,1.0,1.0,1,0,0,0,"{'internlm_scores': np.float64(0.5887373387813568), 'gpm_scores': np.float64(0.6330948770046234), 'grm_scores': np.float64(0.5062782764434814), 'grm_gemma_scores': np.float64(0.5609128773212433), 'grm_llama32_scores': np.float64(0.6620080471038818), 'qrm_scores': np.float64(0.5167983919382095), 'offset_bias_scores': np.float64(0.677055686712265), 'urm_scores': np.float64(0.536136269569397), 'skyworks_scores': np.float64(0.5935843586921692), 'judge_gpt-4o_verdicts': np.float64(0.5), 'judge_qwen2.5-72b-instruct-turbo_verdicts': np.float64(0.5), 'judge_claude-3-5-sonnet-latest_verdicts': np.float64(0.5), 'judge_qwen2-72b-instruct_verdicts': np.float64(0.5), 'judge_llama-3.3-70b-instruct-turbo_verdicts': np.float64(0.5), 'judge_gemma-2-27b-it_verdicts': np.float64(0.5), 'judge_nous-hermes-2-mixtral-8x7b-dpo_verdicts': np.float64(0.5), 'judge_meta-llama-3.1-405b-instruct-turbo_verdicts': np.float64(0.5)}",False
